source,date,exchange,product,variety,grade,min_price_tlkg,max_price_tlkg,avg_price_tlkg,last_price_tlkg,volume_kg,transaction_count,transaction_value_tl,url
tb_org,2019-10-11 00:00:00,Serbest Piyasa,FINDIK SERBEST PIYASA,Levant,,15.1,15.5,15.3,,,,,https://www.tb.org.tr/tr/findik-fiyatlari
tb_org,2019-10-16 00:00:00,Serbest Piyasa,FINDIK SERBEST PIYASA,Levant,,15.35,15.5,15.425,,,,,https://www.tb.org.tr/tr/findik-fiyatlari
tb_org,2019-10-21 00:00:00,Serbest Piyasa,FINDIK SERBEST PIYASA,Levant,,15.45,15.6,15.524999999999999,,,,,https://www.tb.org.tr/tr/findik-fiyatlari
tb_org,2019-10-23 00:00:00,Serbest Piyasa,FINDIK SERBEST PIYASA,Levant,,15.6,15.75,15.675,,,,,https://www.tb.org.tr/tr/findik-fiyatlari
tb_org,2019-10-25 00:00:00,Serbest Piyasa,FINDIK SERBEST PIYASA,Levant,,15.85,16.0,15.925,,,,,https://www.tb.org.tr/tr/findik-fiyatlari
tb_org,2019-10-28 00:00:00,Serbest Piyasa,FINDIK SERBEST PIYASA,Levant,,16.1,16.25,16.175,,,,,https://www.tb.org.tr/tr/findik-fiyatlari
tb_org,2019-10-30 00:00:00,Serbest Piyasa,FINDIK SERBEST PIYASA,Levant,,16.5,16.35,16.425,,,,,https://www.tb.org.tr/tr/findik-fiyatlari
tb_org,2019-10-31 00:00:00,Serbest Piyasa,FINDIK SERBEST PIYASA,Levant,,16.35,16.5,16.425,,,,,https://www.tb.org.tr/tr/findik-fiyatlari
tb_org,2019-11-02 00:00:00,Serbest Piyasa,FINDIK SERBEST PIYASA,Levant,,16.6,16.75,16.675,,,,,https://www.tb.org.tr/tr/findik-fiyatlari
tb_org,2019-11-04 00:00:00,Serbest Piyasa,FINDIK SERBEST PIYASA,Levant,,16.95,17.1,17.025,,,,,https://www.tb.org.tr/tr/findik-fiyatlari
tb_org,2019-11-06 00:00:00,Serbest Piyasa,FINDIK SERBEST PIYASA,Levant,,17.15,17.3,17.225,,,,,https://www.tb.org.tr/tr/findik-fiyatlari
tb_org,2019-12-25 00:00:00,Serbest Piyasa,FINDIK SERBEST PIYASA,Levant,,17.35,17.5,17.425,,,,,https://www.tb.org.tr/tr/findik-fiyatlari
tb_org,2019-12-27 00:00:00,Serbest Piyasa,FINDIK SERBEST PIYASA,Levant,,17.0,17.0,17.0,,,,,https://www.tb.org.tr/tr/findik-fiyatlari
tb_org,2019-12-30 00:00:00,Serbest Piyasa,FINDIK SERBEST PIYASA,Levant,,17.85,18.0,17.925,,,,,https://www.tb.org.tr/tr/findik-fiyatlari
tb_org,2020-01-06 00:00:00,Serbest Piyasa,FINDIK SERBEST PIYASA,Levant,,18.1,18.25,18.175,,,,,https://www.tb.org.tr/tr/findik-fiyatlari
tb_org,2020-01-08 00:00:00,Serbest Piyasa,FINDIK SERBEST PIYASA,Levant,,18.6,18.75,18.675,,,,,https://www.tb.org.tr/tr/findik-fiyatlari
tb_org,2020-01-22 00:00:00,Serbest Piyasa,FINDIK SERBEST PIYASA,Levant,,18.85,19.0,18.925,,,,,https://www.tb.org.tr/tr/findik-fiyatlari
tb_org,2020-02-17 00:00:00,Serbest Piyasa,FINDIK SERBEST PIYASA,Levant,,19.0,19.15,19.075,,,,,https://www.tb.org.tr/tr/findik-fiyatlari
tb_org,2020-02-27 00:00:00,Serbest Piyasa,FINDIK SERBEST PIYASA,Levant,,18.8,19.0,18.9,,,,,https://www.tb.org.tr/tr/findik-fiyatlari
tb_org,2020-04-29 00:00:00,Serbest Piyasa,FINDIK SERBEST PIYASA,Levant,,21.0,21.5,21.25,,,,,https://www.tb.org.tr/tr/findik-fiyatlari
tb_org,2020-05-11 00:00:00,Serbest Piyasa,FINDIK SERBEST PIYASA,Levant,,21.5,24.0,22.75,,,,,https://www.tb.org.tr/tr/findik-fiyatlari
tb_org,2020-06-08 00:00:00,Serbest Piyasa,FINDIK SERBEST PIYASA,Levant,,21.0,21.0,21.0,,,,,https://www.tb.org.tr/tr/findik-fiyatlari
tb_org,2020-06-10 00:00:00,Serbest Piyasa,FINDIK SERBEST PIYASA,Levant,,20.0,20.0,20.0,,,,,https://www.tb.org.tr/tr/findik-fiyatlari
tb_org,2020-06-11 00:00:00,Serbest Piyasa,FINDIK SERBEST PIYASA,Levant,,19.5,19.5,19.5,,,,,https://www.tb.org.tr/tr/findik-fiyatlari
tb_org,2020-06-13 00:00:00,Serbest Piyasa,FINDIK SERBEST PIYASA,Levant,,19.5,21.0,20.25,,,,,https://www.tb.org.tr/tr/findik-fiyatlari
tb_org,2020-06-19 00:00:00,Serbest Piyasa,FINDIK SERBEST PIYASA,Levant,,18.5,20.5,19.5,,,,,https://www.tb.org.tr/tr/findik-fiyatlari
tb_org,2020-06-24 00:00:00,Serbest Piyasa,FINDIK SERBEST PIYASA,Levant,,18.0,19.5,18.75,,,,,https://www.tb.org.tr/tr/findik-fiyatlari
tb_org,2020-08-10 00:00:00,Serbest Piyasa,FINDIK SERBEST PIYASA,Levant,,20.75,20.55,20.65,,,,,https://www.tb.org.tr/tr/findik-fiyatlari
tb_org,2020-08-17 00:00:00,Serbest Piyasa,FINDIK SERBEST PIYASA,Levant,,20.75,21.0,20.875,,,,,https://www.tb.org.tr/tr/findik-fiyatlari
tb_org,2020-08-19 00:00:00,Serbest Piyasa,FINDIK SERBEST PIYASA,Levant,,21.0,21.25,21.125,,,,,https://www.tb.org.tr/tr/findik-fiyatlari
tb_org,2020-09-15 00:00:00,Serbest Piyasa,FINDIK SERBEST PIYASA,Levant,,21.5,21.75,21.625,,,,,https://www.tb.org.tr/tr/findik-fiyatlari
tb_org,2020-09-16 00:00:00,Serbest Piyasa,FINDIK SERBEST PIYASA,Levant,,21.75,22.0,21.875,,,,,https://www.tb.org.tr/tr/findik-fiyatlari
tb_org,2020-09-21 13:59:00,Serbest Piyasa,FINDIK SERBEST PIYASA,Levant,,22.5,22.75,22.625,,,,,https://www.tb.org.tr/tr/findik-fiyatlari
tb_org,2020-09-23 14:28:31,Serbest Piyasa,FINDIK SERBEST PIYASA,Levant,,22.75,23.0,22.875,,,,,https://www.tb.org.tr/tr/findik-fiyatlari
tb_org,2020-09-25 13:45:55,Serbest Piyasa,FINDIK SERBEST PIYASA,Levant,,23.25,23.5,23.375,,,,,https://www.tb.org.tr/tr/findik-fiyatlari
tb_org,2020-09-28 10:52:51,Serbest Piyasa,FINDIK SERBEST PIYASA,Levant,,23.25,23.5,23.375,,,,,https://www.tb.org.tr/tr/findik-fiyatlari
tb_org,2020-09-29 15:00:08,Serbest Piyasa,FINDIK SERBEST PIYASA,Levant,,23.75,23.5,23.625,,,,,https://www.tb.org.tr/tr/findik-fiyatlari
tb_org,2020-09-30 14:10:54,Serbest Piyasa,FINDIK SERBEST PIYASA,Levant,,24.0,24.25,24.125,,,,,https://www.tb.org.tr/tr/findik-fiyatlari
tb_org,2020-10-06 15:24:22,Serbest Piyasa,FINDIK SERBEST PIYASA,Levant,,24.5,24.75,24.625,,,,,https://www.tb.org.tr/tr/findik-fiyatlari
tb_org,2020-10-19 16:39:56,Serbest Piyasa,FINDIK SERBEST PIYASA,Levant,,24.25,24.5,24.375,,,,,https://www.tb.org.tr/tr/findik-fiyatlari
tb_org,2020-10-21 12:47:43,Serbest Piyasa,FINDIK SERBEST PIYASA,Levant,,23.5,24.0,23.75,,,,,https://www.tb.org.tr/tr/findik-fiyatlari
tb_org,2020-10-21 13:31:17,Serbest Piyasa,FINDIK SERBEST PIYASA,Levant,,23.0,23.5,23.25,,,,,https://www.tb.org.tr/tr/findik-fiyatlari
tb_org,2020-10-23 11:42:06,Serbest Piyasa,FINDIK SERBEST PIYASA,Levant,,23.0,23.25,23.125,,,,,https://www.tb.org.tr/tr/findik-fiyatlari
tb_org,2020-10-26 15:20:57,Serbest Piyasa,FINDIK SERBEST PIYASA,Levant,,23.25,23.5,23.375,,,,,https://www.tb.org.tr/tr/findik-fiyatlari
tb_org,2020-11-09 12:00:42,Serbest Piyasa,FINDIK SERBEST PIYASA,Levant,,23.0,23.25,23.125,,,,,https://www.tb.org.tr/tr/findik-fiyatlari
tb_org,2020-11-09 13:41:04,Serbest Piyasa,FINDIK SERBEST PIYASA,Levant,,22.75,23.0,22.875,,,,,https://www.tb.org.tr/tr/findik-fiyatlari
tb_org,2020-11-11 14:45:36,Serbest Piyasa,FINDIK SERBEST PIYASA,Levant,,23.0,23.25,23.125,,,,,https://www.tb.org.tr/tr/findik-fiyatlari
tb_org,2020-11-12 15:19:32,Serbest Piyasa,FINDIK SERBEST PIYASA,Levant,,23.25,23.5,23.375,,,,,https://www.tb.org.tr/tr/findik-fiyatlari
tb_org,2020-11-18 12:20:50,Serbest Piyasa,FINDIK SERBEST PIYASA,Levant,,22.5,22.75,22.625,,,,,https://www.tb.org.tr/tr/findik-fiyatlari
tb_org,2020-12-04 15:03:12,Serbest Piyasa,FINDIK SERBEST PIYASA,Levant,,22.25,22.5,22.375,,,,,https://www.tb.org.tr/tr/findik-fiyatlari
tb_org,2020-12-07 12:05:34,Serbest Piyasa,FINDIK SERBEST PIYASA,Levant,,21.75,22.0,21.875,,,,,https://www.tb.org.tr/tr/findik-fiyatlari
tb_org,2020-12-14 12:01:12,Serbest Piyasa,FINDIK SERBEST PIYASA,Levant,,22.0,22.25,22.125,,,,,https://www.tb.org.tr/tr/findik-fiyatlari
tb_org,2020-12-18 12:41:17,Serbest Piyasa,FINDIK SERBEST PIYASA,Levant,,22.0,22.5,22.25,,,,,https://www.tb.org.tr/tr/findik-fiyatlari
tb_org,2021-01-13 16:23:40,Serbest Piyasa,FINDIK SERBEST PIYASA,Levant,,22.0,22.25,22.125,,,,,https://www.tb.org.tr/tr/findik-fiyatlari
tb_org,2021-01-22 13:41:13,Serbest Piyasa,FINDIK SERBEST PIYASA,Levant,,21.75,22.5,22.125,,,,,https://www.tb.org.tr/tr/findik-fiyatlari
tb_org,2021-01-25 13:43:43,Serbest Piyasa,FINDIK SERBEST PIYASA,Levant,,21.5,22.25,21.875,,,,,https://www.tb.org.tr/tr/findik-fiyatlari
tb_org,2021-01-29 16:12:28,Serbest Piyasa,FINDIK SERBEST PIYASA,Levant,,21.0,21.25,21.125,,,,,https://www.tb.org.tr/tr/findik-fiyatlari
tb_org,2021-02-10 14:30:00,Serbest Piyasa,FINDIK SERBEST PIYASA,Levant,,21.25,21.5,21.375,,,,,https://www.tb.org.tr/tr/findik-fiyatlari
tb_org,2021-02-22 17:05:40,Serbest Piyasa,FINDIK SERBEST PIYASA,Levant,,21.5,22.0,21.75,,,,,https://www.tb.org.tr/tr/findik-fiyatlari
tb_org,2021-03-10 14:52:30,Serbest Piyasa,FINDIK SERBEST PIYASA,Levant,,22.0,22.5,22.25,,,,,https://www.tb.org.tr/tr/findik-fiyatlari
tb_org,2021-04-14 16:08:54,Serbest Piyasa,FINDIK SERBEST PIYASA,Levant,,21.0,21.25,21.125,,,,,https://www.tb.org.tr/tr/findik-fiyatlari
tb_org,2021-04-27 15:00:34,Serbest Piyasa,FINDIK SERBEST PIYASA,Levant,,20.5,20.75,20.625,,,,,https://www.tb.org.tr/tr/findik-fiyatlari
tb_org,2021-04-28 14:24:09,Serbest Piyasa,FINDIK SERBEST PIYASA,Levant,,20.0,20.25,20.125,,,,,https://www.tb.org.tr/tr/findik-fiyatlari
tb_org,2021-04-30 13:30:43,Serbest Piyasa,FINDIK SERBEST PIYASA,Levant,,20.0,20.25,20.125,,,,,https://www.tb.org.tr/tr/findik-fiyatlari
tb_org,2021-05-20 15:15:02,Serbest Piyasa,FINDIK SERBEST PIYASA,Levant,,20.5,20.75,20.625,,,,,https://www.tb.org.tr/tr/findik-fiyatlari
tb_org,2021-05-24 15:18:01,Serbest Piyasa,FINDIK SERBEST PIYASA,Levant,,21.25,21.5,21.375,,,,,https://www.tb.org.tr/tr/findik-fiyatlari
tb_org,2021-05-28 10:05:19,Serbest Piyasa,FINDIK SERBEST PIYASA,Levant,,21.5,21.75,21.625,,,,,https://www.tb.org.tr/tr/findik-fiyatlari
tb_org,2021-06-01 15:23:44,Serbest Piyasa,FINDIK SERBEST PIYASA,Levant,,21.25,21.5,21.375,,,,,https://www.tb.org.tr/tr/findik-fiyatlari
tb_org,2021-06-10 10:14:26,Serbest Piyasa,FINDIK SERBEST PIYASA,Levant,,22.0,22.25,22.125,,,,,https://www.tb.org.tr/tr/findik-fiyatlari
tb_org,2021-06-17 11:37:10,Serbest Piyasa,FINDIK SERBEST PIYASA,Levant,,22.25,22.5,22.375,,,,,https://www.tb.org.tr/tr/findik-fiyatlari
tb_org,2021-06-30 11:48:42,Serbest Piyasa,FINDIK SERBEST PIYASA,Levant,,22.0,22.25,22.125,,,,,https://www.tb.org.tr/tr/findik-fiyatlari
tb_org,2021-08-17 10:33:15,Serbest Piyasa,FINDIK SERBEST PIYASA,Levant,,24.0,24.5,24.25,,,,,https://www.tb.org.tr/tr/findik-fiyatlari
tb_org,2021-09-08 14:07:01,Serbest Piyasa,FINDIK SERBEST PIYASA,Levant,,23.75,24.25,24.0,,,,,https://www.tb.org.tr/tr/findik-fiyatlari
tb_org,2021-09-13 10:37:51,Serbest Piyasa,FINDIK SERBEST PIYASA,Levant,,23.5,24.0,23.75,,,,,https://www.tb.org.tr/tr/findik-fiyatlari
tb_org,2021-09-13 13:11:26,Serbest Piyasa,FINDIK SERBEST PIYASA,Levant,,23.25,23.75,23.5,,,,,https://www.tb.org.tr/tr/findik-fiyatlari
tb_org,2021-09-29 11:29:20,Serbest Piyasa,FINDIK SERBEST PIYASA,Levant,,22.75,23.25,23.0,,,,,https://www.tb.org.tr/tr/findik-fiyatlari
tb_org,2021-10-04 11:04:09,Serbest Piyasa,FINDIK SERBEST PIYASA,Levant,,23.0,23.5,23.25,,,,,https://www.tb.org.tr/tr/findik-fiyatlari
tb_org,2021-10-25 16:36:15,Serbest Piyasa,FINDIK SERBEST PIYASA,Levant,,23.75,24.25,24.0,,,,,https://www.tb.org.tr/tr/findik-fiyatlari
tb_org,2021-11-10 09:47:20,Serbest Piyasa,FINDIK SERBEST PIYASA,Levant,,23.75,24.25,24.0,,,,,https://www.tb.org.tr/tr/findik-fiyatlari
tb_org,2021-11-15 10:35:09,Serbest Piyasa,FINDIK SERBEST PIYASA,Levant,,24.0,24.5,24.25,,,,,https://www.tb.org.tr/tr/findik-fiyatlari
tb_org,2021-11-16 13:17:27,Serbest Piyasa,FINDIK SERBEST PIYASA,Levant,,24.25,24.75,24.5,,,,,https://www.tb.org.tr/tr/findik-fiyatlari
tb_org,2021-11-22 13:33:28,Serbest Piyasa,FINDIK SERBEST PIYASA,Levant,,24.75,25.25,25.0,,,,,https://www.tb.org.tr/tr/findik-fiyatlari
tb_org,2021-11-23 09:35:50,Serbest Piyasa,FINDIK SERBEST PIYASA,Levant,,25.5,26.0,25.75,,,,,https://www.tb.org.tr/tr/findik-fiyatlari
tb_org,2021-11-23 13:43:04,Serbest Piyasa,FINDIK SERBEST PIYASA,Levant,,26.0,26.5,26.25,,,,,https://www.tb.org.tr/tr/findik-fiyatlari
tb_org,2021-11-25 17:30:48,Serbest Piyasa,FINDIK SERBEST PIYASA,Levant,,25.5,26.0,25.75,,,,,https://www.tb.org.tr/tr/findik-fiyatlari
tb_org,2021-12-02 08:54:09,Serbest Piyasa,FINDIK SERBEST PIYASA,Levant,,27.0,27.5,27.25,,,,,https://www.tb.org.tr/tr/findik-fiyatlari
tb_org,2021-12-03 15:26:11,Serbest Piyasa,FINDIK SERBEST PIYASA,Levant,,28.75,29.25,29.0,,,,,https://www.tb.org.tr/tr/findik-fiyatlari
tb_org,2021-12-09 10:48:44,Serbest Piyasa,FINDIK SERBEST PIYASA,Levant,,29.5,30.0,29.75,,,,,https://www.tb.org.tr/tr/findik-fiyatlari
tb_org,2021-12-09 13:01:51,Serbest Piyasa,FINDIK SERBEST PIYASA,Levant,,30.0,30.5,30.25,,,,,https://www.tb.org.tr/tr/findik-fiyatlari
tb_org,2021-12-09 14:17:25,Serbest Piyasa,FINDIK SERBEST PIYASA,Levant,,30.5,31.0,30.75,,,,,https://www.tb.org.tr/tr/findik-fiyatlari
tb_org,2021-12-10 09:11:22,Serbest Piyasa,FINDIK SERBEST PIYASA,Levant,,31.5,32.0,31.75,,,,,https://www.tb.org.tr/tr/findik-fiyatlari
tb_org,2021-12-10 10:06:48,Serbest Piyasa,FINDIK SERBEST PIYASA,Levant,,29.5,30.0,29.75,,,,,https://www.tb.org.tr/tr/findik-fiyatlari
tb_org,2021-12-13 13:17:18,Serbest Piyasa,FINDIK SERBEST PIYASA,Levant,,30.0,30.5,30.25,,,,,https://www.tb.org.tr/tr/findik-fiyatlari
tb_org,2021-12-14 10:27:56,Serbest Piyasa,FINDIK SERBEST PIYASA,Levant,,30.5,31.0,30.75,,,,,https://www.tb.org.tr/tr/findik-fiyatlari
tb_org,2021-12-15 10:45:28,Serbest Piyasa,FINDIK SERBEST PIYASA,Levant,,31.5,32.0,31.75,,,,,https://www.tb.org.tr/tr/findik-fiyatlari
tb_org,2021-12-15 13:34:35,Serbest Piyasa,FINDIK SERBEST PIYASA,Levant,,33.0,33.5,33.25,,,,,https://www.tb.org.tr/tr/findik-fiyatlari
tb_org,2021-12-20 11:39:14,Serbest Piyasa,FINDIK SERBEST PIYASA,Levant,,34.5,35.0,34.75,,,,,https://www.tb.org.tr/tr/findik-fiyatlari
tb_org,2021-12-20 15:23:38,Serbest Piyasa,FINDIK SERBEST PIYASA,Levant,,36.5,37.0,36.75,,,,,https://www.tb.org.tr/tr/findik-fiyatlari
tb_org,2021-12-21 09:33:55,Serbest Piyasa,FINDIK SERBEST PIYASA,Levant,,30.5,31.0,30.75,,,,,https://www.tb.org.tr/tr/findik-fiyatlari
tb_org,2021-12-23 13:14:30,Serbest Piyasa,FINDIK SERBEST PIYASA,Levant,,29.0,29.5,29.25,,,,,https://www.tb.org.tr/tr/findik-fiyatlari
tb_org,2021-12-23 14:23:00,Serbest Piyasa,FINDIK SERBEST PIYASA,Levant,,28.0,28.5,28.25,,,,,https://www.tb.org.tr/tr/findik-fiyatlari
tb_org,2021-12-30 14:13:06,Serbest Piyasa,FINDIK SERBEST PIYASA,Levant,,29.5,30.0,29.75,,,,,https://www.tb.org.tr/tr/findik-fiyatlari
tb_org,2022-01-03 10:22:09,Serbest Piyasa,FINDIK SERBEST PIYASA,Levant,,30.5,31.0,30.75,,,,,https://www.tb.org.tr/tr/findik-fiyatlari
tb_org,2022-01-04 09:30:15,Serbest Piyasa,FINDIK SERBEST PIYASA,Levant,,31.5,32.0,31.75,,,,,https://www.tb.org.tr/tr/findik-fiyatlari
tb_org,2022-01-06 14:39:37,Serbest Piyasa,FINDIK SERBEST PIYASA,Levant,,33.0,33.5,33.25,,,,,https://www.tb.org.tr/tr/findik-fiyatlari
tb_org,2022-02-01 13:32:36,Serbest Piyasa,FINDIK SERBEST PIYASA,Levant,,32.5,33.0,32.75,,,,,https://www.tb.org.tr/tr/findik-fiyatlari
tb_org,2022-02-15 11:58:53,Serbest Piyasa,FINDIK SERBEST PIYASA,Levant,,33.5,34.0,33.75,,,,,https://www.tb.org.tr/tr/findik-fiyatlari
tb_org,2022-02-17 11:07:57,Serbest Piyasa,FINDIK SERBEST PIYASA,Levant,,34.5,35.0,34.75,,,,,https://www.tb.org.tr/tr/findik-fiyatlari
tb_org,2022-02-21 16:53:18,Serbest Piyasa,FINDIK SERBEST PIYASA,Levant,,34.25,34.75,34.5,,,,,https://www.tb.org.tr/tr/findik-fiyatlari
tb_org,2022-03-11 10:14:35,Serbest Piyasa,FINDIK SERBEST PIYASA,Levant,,35.5,39.0,37.25,,,,,https://www.tb.org.tr/tr/findik-fiyatlari
tb_org,2022-08-24 13:10:23,Serbest Piyasa,FINDIK SERBEST PIYASA,Levant,,43.0,44.0,43.5,,,,,https://www.tb.org.tr/tr/findik-fiyatlari
tb_org,2022-09-05 17:40:00,Serbest Piyasa,FINDIK SERBEST PIYASA,Levant,,43.5,48.0,45.75,,,,,https://www.tb.org.tr/tr/findik-fiyatlari
tb_org,2022-09-06 14:06:29,Serbest Piyasa,FINDIK SERBEST PIYASA,Levant,,43.0,48.0,45.5,,,,,https://www.tb.org.tr/tr/findik-fiyatlari
tb_org,2022-09-21 11:10:56,Serbest Piyasa,FINDIK SERBEST PIYASA,Levant,,43.5,48.0,45.75,,,,,https://www.tb.org.tr/tr/findik-fiyatlari
tb_org,2022-11-23 12:00:30,Serbest Piyasa,FINDIK SERBEST PIYASA,Levant,,47.0,48.0,47.5,,,,,https://www.tb.org.tr/tr/findik-fiyatlari
tb_org,2022-12-05 09:14:53,Serbest Piyasa,FINDIK SERBEST PIYASA,Levant,,48.5,49.0,48.75,,,,,https://www.tb.org.tr/tr/findik-fiyatlari
tb_org,2022-12-06 12:05:19,Serbest Piyasa,FINDIK SERBEST PIYASA,Levant,,49.5,50.0,49.75,,,,,https://www.tb.org.tr/tr/findik-fiyatlari
tb_org,2022-12-09 10:32:28,Serbest Piyasa,FINDIK SERBEST PIYASA,Levant,,50.0,50.5,50.25,,,,,https://www.tb.org.tr/tr/findik-fiyatlari
tb_org,2022-12-14 11:55:51,Serbest Piyasa,FINDIK SERBEST PIYASA,Levant,,50.5,51.0,50.75,,,,,https://www.tb.org.tr/tr/findik-fiyatlari
tb_org,2022-12-15 11:33:21,Serbest Piyasa,FINDIK SERBEST PIYASA,Levant,,51.0,51.5,51.25,,,,,https://www.tb.org.tr/tr/findik-fiyatlari
tb_org,2022-12-16 10:48:06,Serbest Piyasa,FINDIK SERBEST PIYASA,Levant,,52.0,52.5,52.25,,,,,https://www.tb.org.tr/tr/findik-fiyatlari
tb_org,2022-12-19 15:05:49,Serbest Piyasa,FINDIK SERBEST PIYASA,Levant,,53.5,54.0,53.75,,,,,https://www.tb.org.tr/tr/findik-fiyatlari
tb_org,2022-12-26 11:06:12,Serbest Piyasa,FINDIK SERBEST PIYASA,Levant,,54.0,54.5,54.25,,,,,https://www.tb.org.tr/tr/findik-fiyatlari
tb_org,2022-12-30 14:08:00,Serbest Piyasa,FINDIK SERBEST PIYASA,Levant,,54.5,55.0,54.75,,,,,https://www.tb.org.tr/tr/findik-fiyatlari
tb_org,2023-01-02 14:38:28,Serbest Piyasa,FINDIK SERBEST PIYASA,Levant,,55.0,55.5,55.25,,,,,https://www.tb.org.tr/tr/findik-fiyatlari
tb_org,2023-01-20 16:19:00,Serbest Piyasa,FINDIK SERBEST PIYASA,Levant,,56.0,56.5,56.25,,,,,https://www.tb.org.tr/tr/findik-fiyatlari
tb_org,2023-01-26 15:46:56,Serbest Piyasa,FINDIK SERBEST PIYASA,Levant,,58.5,59.0,58.75,,,,,https://www.tb.org.tr/tr/findik-fiyatlari
tb_org,2023-01-31 14:28:04,Serbest Piyasa,FINDIK SERBEST PIYASA,Levant,,57.5,58.5,58.0,,,,,https://www.tb.org.tr/tr/findik-fiyatlari
tb_org,2023-02-01 11:07:11,Serbest Piyasa,FINDIK SERBEST PIYASA,Levant,,55.0,55.0,55.0,,,,,https://www.tb.org.tr/tr/findik-fiyatlari
tb_org,2023-02-03 11:49:08,Serbest Piyasa,FINDIK SERBEST PIYASA,Levant,,55.0,55.5,55.25,,,,,https://www.tb.org.tr/tr/findik-fiyatlari
tb_org,2023-02-06 11:08:18,Serbest Piyasa,FINDIK SERBEST PIYASA,Levant,,55.5,56.0,55.75,,,,,https://www.tb.org.tr/tr/findik-fiyatlari
tb_org,2023-02-08 11:44:57,Serbest Piyasa,FINDIK SERBEST PIYASA,Levant,,56.0,56.5,56.25,,,,,https://www.tb.org.tr/tr/findik-fiyatlari
tb_org,2023-02-13 13:49:17,Serbest Piyasa,FINDIK SERBEST PIYASA,Levant,,54.0,55.5,54.75,,,,,https://www.tb.org.tr/tr/findik-fiyatlari
tb_org,2023-03-03 16:42:56,Serbest Piyasa,FINDIK SERBEST PIYASA,Levant,,54.0,55.0,54.5,,,,,https://www.tb.org.tr/tr/findik-fiyatlari
tb_org,2023-03-13 14:58:31,Serbest Piyasa,FINDIK SERBEST PIYASA,Levant,,53.0,54.0,53.5,,,,,https://www.tb.org.tr/tr/findik-fiyatlari
tb_org,2023-03-24 11:16:14,Serbest Piyasa,FINDIK SERBEST PIYASA,Levant,,54.0,55.0,54.5,,,,,https://www.tb.org.tr/tr/findik-fiyatlari
tb_org,2023-03-28 14:00:15,Serbest Piyasa,FINDIK SERBEST PIYASA,Levant,,55.0,56.0,55.5,,,,,https://www.tb.org.tr/tr/findik-fiyatlari
tb_org,2023-03-30 10:12:16,Serbest Piyasa,FINDIK SERBEST PIYASA,Levant,,56.0,56.5,56.25,,,,,https://www.tb.org.tr/tr/findik-fiyatlari
tb_org,2023-04-18 11:32:58,Serbest Piyasa,FINDIK SERBEST PIYASA,Levant,,54.0,55.0,54.5,,,,,https://www.tb.org.tr/tr/findik-fiyatlari
tb_org,2023-05-23 13:28:10,Serbest Piyasa,FINDIK SERBEST PIYASA,Levant,,54.0,54.0,54.0,,,,,https://www.tb.org.tr/tr/findik-fiyatlari
tb_org,2023-05-24 16:37:21,Serbest Piyasa,FINDIK SERBEST PIYASA,Levant,,53.0,53.5,53.25,,,,,https://www.tb.org.tr/tr/findik-fiyatlari
tb_org,2023-06-09 10:57:09,Serbest Piyasa,FINDIK SERBEST PIYASA,Levant,,55.0,55.0,55.0,,,,,https://www.tb.org.tr/tr/findik-fiyatlari
tb_org,2023-06-15 13:53:18,Serbest Piyasa,FINDIK SERBEST PIYASA,Levant,,55.0,57.0,56.0,,,,,https://www.tb.org.tr/tr/findik-fiyatlari
tb_org,2023-06-20 10:25:53,Serbest Piyasa,FINDIK SERBEST PIYASA,Levant,,55.0,58.0,56.5,,,,,https://www.tb.org.tr/tr/findik-fiyatlari
tb_org,2023-08-23 09:00:16,Serbest Piyasa,FINDIK SERBEST PIYASA,Levant,,0.0,0.0,0.0,,,,,https://www.tb.org.tr/tr/findik-fiyatlari
tb_org,2023-08-23 11:45:54,Serbest Piyasa,FINDIK SERBEST PIYASA,Levant,,0.0,0.0,0.0,,,,,https://www.tb.org.tr/tr/findik-fiyatlari
tb_org,2023-09-06 16:50:58,Serbest Piyasa,FINDIK SERBEST PIYASA,Levant,,76.0,78.5,77.25,,,,,https://www.tb.org.tr/tr/findik-fiyatlari
tb_org,2023-09-08 13:57:14,Serbest Piyasa,FINDIK SERBEST PIYASA,Levant,,78.5,79.5,79.0,,,,,https://www.tb.org.tr/tr/findik-fiyatlari
tb_org,2023-09-11 11:33:45,Serbest Piyasa,FINDIK SERBEST PIYASA,Levant,,79.5,83.5,81.5,,,,,https://www.tb.org.tr/tr/findik-fiyatlari
tb_org,2023-09-14 13:10:23,Serbest Piyasa,FINDIK SERBEST PIYASA,Levant,,86.0,87.5,86.75,,,,,https://www.tb.org.tr/tr/findik-fiyatlari
tb_org,2023-09-15 11:20:22,Serbest Piyasa,FINDIK SERBEST PIYASA,Levant,,92.0,93.5,92.75,,,,,https://www.tb.org.tr/tr/findik-fiyatlari
tb_org,2023-09-21 11:11:17,Serbest Piyasa,FINDIK SERBEST PIYASA,Levant,,93.5,96.0,94.75,,,,,https://www.tb.org.tr/tr/findik-fiyatlari
tb_org,2023-10-03 11:24:01,Serbest Piyasa,FINDIK SERBEST PIYASA,Levant,,93.0,95.0,94.0,,,,,https://www.tb.org.tr/tr/findik-fiyatlari
tb_org,2023-10-05 14:51:23,Serbest Piyasa,FINDIK SERBEST PIYASA,Levant,,91.5,92.5,92.0,,,,,https://www.tb.org.tr/tr/findik-fiyatlari
tb_org,2023-10-11 10:53:15,Serbest Piyasa,FINDIK SERBEST PIYASA,Levant,,88.5,89.0,88.75,,,,,https://www.tb.org.tr/tr/findik-fiyatlari
tb_org,2023-10-18 10:12:16,Serbest Piyasa,FINDIK SERBEST PIYASA,Levant,,89.5,93.0,91.25,,,,,https://www.tb.org.tr/tr/findik-fiyatlari
tb_org,2024-01-03 11:54:27,Serbest Piyasa,FINDIK SERBEST PIYASA,Levant,,94.5,96.0,95.25,,,,,https://www.tb.org.tr/tr/findik-fiyatlari
tb_org,2024-01-05 11:40:21,Serbest Piyasa,FINDIK SERBEST PIYASA,Levant,,98.0,100.0,99.0,,,,,https://www.tb.org.tr/tr/findik-fiyatlari
tb_org,2024-01-08 16:10:39,Serbest Piyasa,FINDIK SERBEST PIYASA,Levant,,98.0,103.5,100.75,,,,,https://www.tb.org.tr/tr/findik-fiyatlari
tb_org,2024-01-08 16:11:04,Serbest Piyasa,FINDIK SERBEST PIYASA,Levant,,98.0,103.5,100.75,,,,,https://www.tb.org.tr/tr/findik-fiyatlari
tb_org,2024-01-09 14:37:28,Serbest Piyasa,FINDIK SERBEST PIYASA,Levant,,102.5,103.5,103.0,,,,,https://www.tb.org.tr/tr/findik-fiyatlari
tb_org,2024-01-19 14:26:34,Serbest Piyasa,FINDIK SERBEST PIYASA,Levant,,108.5,112.0,110.25,,,,,https://www.tb.org.tr/tr/findik-fiyatlari
tb_org,2024-01-30 09:34:19,Serbest Piyasa,FINDIK SERBEST PIYASA,Levant,,108.5,111.0,109.75,,,,,https://www.tb.org.tr/tr/findik-fiyatlari
tb_org,2024-02-14 09:54:47,Serbest Piyasa,FINDIK SERBEST PIYASA,Levant,,110.5,112.0,111.25,,,,,https://www.tb.org.tr/tr/findik-fiyatlari
tb_org,2024-02-20 14:54:02,Serbest Piyasa,FINDIK SERBEST PIYASA,Levant,,113.5,114.0,113.75,,,,,https://www.tb.org.tr/tr/findik-fiyatlari
tb_org,2024-02-22 10:10:29,Serbest Piyasa,FINDIK SERBEST PIYASA,Levant,,116.0,120.0,118.0,,,,,https://www.tb.org.tr/tr/findik-fiyatlari
tb_org,2024-03-18 13:01:54,Serbest Piyasa,FINDIK SERBEST PIYASA,Levant,,119.0,122.5,120.75,,,,,https://www.tb.org.tr/tr/findik-fiyatlari
tb_org,2024-03-21 13:07:29,Serbest Piyasa,FINDIK SERBEST PIYASA,Levant,,119.0,119.5,119.25,,,,,https://www.tb.org.tr/tr/findik-fiyatlari
tb_org,2024-03-22 15:43:49,Serbest Piyasa,FINDIK SERBEST PIYASA,Levant,,118.5,119.0,118.75,,,,,https://www.tb.org.tr/tr/findik-fiyatlari
tb_org,2019-10-11 00:00:00,Serbest Piyasa,FINDIK SERBEST PIYASA,Sivri,,14.9,15.05,14.975000000000001,,,,,https://www.tb.org.tr/tr/findik-fiyatlari
tb_org,2019-10-16 00:00:00,Serbest Piyasa,FINDIK SERBEST PIYASA,Sivri,,15.15,15.3,15.225000000000001,,,,,https://www.tb.org.tr/tr/findik-fiyatlari
tb_org,2019-10-21 00:00:00,Serbest Piyasa,FINDIK SERBEST PIYASA,Sivri,,15.25,15.4,15.325,,,,,https://www.tb.org.tr/tr/findik-fiyatlari
tb_org,2019-10-23 00:00:00,Serbest Piyasa,FINDIK SERBEST PIYASA,Sivri,,15.4,15.55,15.475000000000001,,,,,https://www.tb.org.tr/tr/findik-fiyatlari
tb_org,2019-10-25 00:00:00,Serbest Piyasa,FINDIK SERBEST PIYASA,Sivri,,15.65,15.8,15.725000000000001,,,,,https://www.tb.org.tr/tr/findik-fiyatlari
tb_org,2019-10-28 00:00:00,Serbest Piyasa,FINDIK SERBEST PIYASA,Sivri,,15.9,16.05,15.975000000000001,,,,,https://www.tb.org.tr/tr/findik-fiyatlari
tb_org,2019-10-30 00:00:00,Serbest Piyasa,FINDIK SERBEST PIYASA,Sivri,,16.3,16.15,16.225,,,,,https://www.tb.org.tr/tr/findik-fiyatlari
tb_org,2019-10-31 00:00:00,Serbest Piyasa,FINDIK SERBEST PIYASA,Sivri,,16.15,16.3,16.225,,,,,https://www.tb.org.tr/tr/findik-fiyatlari
tb_org,2019-11-02 00:00:00,Serbest Piyasa,FINDIK SERBEST PIYASA,Sivri,,16.4,16.55,16.475,,,,,https://www.tb.org.tr/tr/findik-fiyatlari
tb_org,2019-11-04 00:00:00,Serbest Piyasa,FINDIK SERBEST PIYASA,Sivri,,16.75,16.9,16.825,,,,,https://www.tb.org.tr/tr/findik-fiyatlari
tb_org,2019-11-06 00:00:00,Serbest Piyasa,FINDIK SERBEST PIYASA,Sivri,,16.95,17.1,17.025,,,,,https://www.tb.org.tr/tr/findik-fiyatlari
tb_org,2019-12-25 00:00:00,Serbest Piyasa,FINDIK SERBEST PIYASA,Sivri,,17.15,17.3,17.225,,,,,https://www.tb.org.tr/tr/findik-fiyatlari
tb_org,2019-12-27 00:00:00,Serbest Piyasa,FINDIK SERBEST PIYASA,Sivri,,17.4,17.55,17.475,,,,,https://www.tb.org.tr/tr/findik-fiyatlari
tb_org,2020-01-03 00:00:00,Serbest Piyasa,FINDIK SERBEST PIYASA,Sivri,,17.65,17.8,17.725,,,,,https://www.tb.org.tr/tr/findik-fiyatlari
tb_org,2020-01-06 00:00:00,Serbest Piyasa,FINDIK SERBEST PIYASA,Sivri,,17.9,18.05,17.975,,,,,https://www.tb.org.tr/tr/findik-fiyatlari
tb_org,2020-01-08 00:00:00,Serbest Piyasa,FINDIK SERBEST PIYASA,Sivri,,18.4,18.55,18.475,,,,,https://www.tb.org.tr/tr/findik-fiyatlari
tb_org,2020-01-22 00:00:00,Serbest Piyasa,FINDIK SERBEST PIYASA,Sivri,,18.65,18.8,18.725,,,,,https://www.tb.org.tr/tr/findik-fiyatlari
tb_org,2020-02-17 00:00:00,Serbest Piyasa,FINDIK SERBEST PIYASA,Sivri,,19.0,19.15,19.075,,,,,https://www.tb.org.tr/tr/findik-fiyatlari
tb_org,2020-02-27 00:00:00,Serbest Piyasa,FINDIK SERBEST PIYASA,Sivri,,18.8,19.0,18.9,,,,,https://www.tb.org.tr/tr/findik-fiyatlari
tb_org,2020-04-29 00:00:00,Serbest Piyasa,FINDIK SERBEST PIYASA,Sivri,,21.0,21.5,21.25,,,,,https://www.tb.org.tr/tr/findik-fiyatlari
tb_org,2020-05-11 00:00:00,Serbest Piyasa,FINDIK SERBEST PIYASA,Sivri,,21.5,24.0,22.75,,,,,https://www.tb.org.tr/tr/findik-fiyatlari
tb_org,2020-06-08 00:00:00,Serbest Piyasa,FINDIK SERBEST PIYASA,Sivri,,21.0,21.0,21.0,,,,,https://www.tb.org.tr/tr/findik-fiyatlari
tb_org,2020-06-10 00:00:00,Serbest Piyasa,FINDIK SERBEST PIYASA,Sivri,,20.0,20.0,20.0,,,,,https://www.tb.org.tr/tr/findik-fiyatlari
tb_org,2020-06-11 00:00:00,Serbest Piyasa,FINDIK SERBEST PIYASA,Sivri,,19.5,19.5,19.5,,,,,https://www.tb.org.tr/tr/findik-fiyatlari
tb_org,2020-06-13 00:00:00,Serbest Piyasa,FINDIK SERBEST PIYASA,Sivri,,19.5,21.0,20.25,,,,,https://www.tb.org.tr/tr/findik-fiyatlari
tb_org,2020-06-19 00:00:00,Serbest Piyasa,FINDIK SERBEST PIYASA,Sivri,,18.5,20.5,19.5,,,,,https://www.tb.org.tr/tr/findik-fiyatlari
tb_org,2020-06-24 00:00:00,Serbest Piyasa,FINDIK SERBEST PIYASA,Sivri,,18.0,19.5,18.75,,,,,https://www.tb.org.tr/tr/findik-fiyatlari
tb_org,2020-08-10 00:00:00,Serbest Piyasa,FINDIK SERBEST PIYASA,Sivri,,20.25,20.05,20.15,,,,,https://www.tb.org.tr/tr/findik-fiyatlari
tb_org,2020-08-17 00:00:00,Serbest Piyasa,FINDIK SERBEST PIYASA,Sivri,,20.25,20.5,20.375,,,,,https://www.tb.org.tr/tr/findik-fiyatlari
tb_org,2020-08-19 00:00:00,Serbest Piyasa,FINDIK SERBEST PIYASA,Sivri,,20.5,20.75,20.625,,,,,https://www.tb.org.tr/tr/findik-fiyatlari
tb_org,2020-09-15 00:00:00,Serbest Piyasa,FINDIK SERBEST PIYASA,Sivri,,20.85,21.1,20.975,,,,,https://www.tb.org.tr/tr/findik-fiyatlari
tb_org,2020-09-16 00:00:00,Serbest Piyasa,FINDIK SERBEST PIYASA,Sivri,,21.1,21.35,21.225,,,,,https://www.tb.org.tr/tr/findik-fiyatlari
tb_org,2020-09-21 13:59:22,Serbest Piyasa,FINDIK SERBEST PIYASA,Sivri,,21.75,22.0,21.875,,,,,https://www.tb.org.tr/tr/findik-fiyatlari
tb_org,2020-09-23 14:28:58,Serbest Piyasa,FINDIK SERBEST PIYASA,Sivri,,22.0,22.25,22.125,,,,,https://www.tb.org.tr/tr/findik-fiyatlari
tb_org,2020-09-25 13:46:10,Serbest Piyasa,FINDIK SERBEST PIYASA,Sivri,,22.5,22.75,22.625,,,,,https://www.tb.org.tr/tr/findik-fiyatlari
tb_org,2020-09-28 10:47:43,Serbest Piyasa,FINDIK SERBEST PIYASA,Sivri,,22.75,23.0,22.875,,,,,https://www.tb.org.tr/tr/findik-fiyatlari
tb_org,2020-09-29 15:00:29,Serbest Piyasa,FINDIK SERBEST PIYASA,Sivri,,23.25,23.0,23.125,,,,,https://www.tb.org.tr/tr/findik-fiyatlari
tb_org,2020-09-30 14:13:15,Serbest Piyasa,FINDIK SERBEST PIYASA,Sivri,,23.5,23.75,23.625,,,,,https://www.tb.org.tr/tr/findik-fiyatlari
tb_org,2020-10-06 15:24:07,Serbest Piyasa,FINDIK SERBEST PIYASA,Sivri,,24.25,24.5,24.375,,,,,https://www.tb.org.tr/tr/findik-fiyatlari
tb_org,2020-10-19 16:40:18,Serbest Piyasa,FINDIK SERBEST PIYASA,Sivri,,24.0,24.25,24.125,,,,,https://www.tb.org.tr/tr/findik-fiyatlari
tb_org,2020-10-21 12:48:07,Serbest Piyasa,FINDIK SERBEST PIYASA,Sivri,,23.25,23.75,23.5,,,,,https://www.tb.org.tr/tr/findik-fiyatlari
tb_org,2020-10-21 13:30:51,Serbest Piyasa,FINDIK SERBEST PIYASA,Sivri,,22.75,23.25,23.0,,,,,https://www.tb.org.tr/tr/findik-fiyatlari
tb_org,2020-10-23 11:42:30,Serbest Piyasa,FINDIK SERBEST PIYASA,Sivri,,22.75,23.0,22.875,,,,,https://www.tb.org.tr/tr/findik-fiyatlari
tb_org,2020-10-26 15:21:20,Serbest Piyasa,FINDIK SERBEST PIYASA,Sivri,,23.0,23.25,23.125,,,,,https://www.tb.org.tr/tr/findik-fiyatlari
tb_org,2020-11-09 12:01:38,Serbest Piyasa,FINDIK SERBEST PIYASA,Sivri,,22.75,23.0,22.875,,,,,https://www.tb.org.tr/tr/findik-fiyatlari
tb_org,2020-11-09 13:41:18,Serbest Piyasa,FINDIK SERBEST PIYASA,Sivri,,22.5,22.75,22.625,,,,,https://www.tb.org.tr/tr/findik-fiyatlari
tb_org,2020-11-11 14:45:22,Serbest Piyasa,FINDIK SERBEST PIYASA,Sivri,,22.75,23.0,22.875,,,,,https://www.tb.org.tr/tr/findik-fiyatlari
tb_org,2020-11-12 15:19:19,Serbest Piyasa,FINDIK SERBEST PIYASA,Sivri,,22.75,23.0,22.875,,,,,https://www.tb.org.tr/tr/findik-fiyatlari
tb_org,2020-11-18 12:21:36,Serbest Piyasa,FINDIK SERBEST PIYASA,Sivri,,22.25,22.5,22.375,,,,,https://www.tb.org.tr/tr/findik-fiyatlari
tb_org,2020-12-04 15:02:52,Serbest Piyasa,FINDIK SERBEST PIYASA,Sivri,,22.0,22.25,22.125,,,,,https://www.tb.org.tr/tr/findik-fiyatlari
tb_org,2020-12-07 12:05:54,Serbest Piyasa,FINDIK SERBEST PIYASA,Sivri,,21.5,21.75,21.625,,,,,https://www.tb.org.tr/tr/findik-fiyatlari
tb_org,2020-12-14 12:00:46,Serbest Piyasa,FINDIK SERBEST PIYASA,Sivri,,21.75,22.0,21.875,,,,,https://www.tb.org.tr/tr/findik-fiyatlari
tb_org,2020-12-18 12:41:44,Serbest Piyasa,FINDIK SERBEST PIYASA,Sivri,,21.5,22.0,21.75,,,,,https://www.tb.org.tr/tr/findik-fiyatlari
tb_org,2021-01-22 13:41:31,Serbest Piyasa,FINDIK SERBEST PIYASA,Sivri,,21.5,22.0,21.75,,,,,https://www.tb.org.tr/tr/findik-fiyatlari
tb_org,2021-01-25 13:41:40,Serbest Piyasa,FINDIK SERBEST PIYASA,Sivri,,21.25,21.75,21.5,,,,,https://www.tb.org.tr/tr/findik-fiyatlari
tb_org,2021-01-29 16:12:45,Serbest Piyasa,FINDIK SERBEST PIYASA,Sivri,,20.75,21.0,20.875,,,,,https://www.tb.org.tr/tr/findik-fiyatlari
tb_org,2021-02-10 14:29:43,Serbest Piyasa,FINDIK SERBEST PIYASA,Sivri,,21.0,21.25,21.125,,,,,https://www.tb.org.tr/tr/findik-fiyatlari
tb_org,2021-02-22 17:06:08,Serbest Piyasa,FINDIK SERBEST PIYASA,Sivri,,21.25,21.75,21.5,,,,,https://www.tb.org.tr/tr/findik-fiyatlari
tb_org,2021-03-10 14:52:51,Serbest Piyasa,FINDIK SERBEST PIYASA,Sivri,,21.5,22.0,21.75,,,,,https://www.tb.org.tr/tr/findik-fiyatlari
tb_org,2021-04-14 16:09:22,Serbest Piyasa,FINDIK SERBEST PIYASA,Sivri,,20.75,21.0,20.875,,,,,https://www.tb.org.tr/tr/findik-fiyatlari
tb_org,2021-04-27 15:00:54,Serbest Piyasa,FINDIK SERBEST PIYASA,Sivri,,20.25,20.5,20.375,,,,,https://www.tb.org.tr/tr/findik-fiyatlari
tb_org,2021-04-30 13:31:06,Serbest Piyasa,FINDIK SERBEST PIYASA,Sivri,,19.75,20.0,19.875,,,,,https://www.tb.org.tr/tr/findik-fiyatlari
tb_org,2021-05-20 15:15:19,Serbest Piyasa,FINDIK SERBEST PIYASA,Sivri,,20.25,20.5,20.375,,,,,https://www.tb.org.tr/tr/findik-fiyatlari
tb_org,2021-05-24 15:18:22,Serbest Piyasa,FINDIK SERBEST PIYASA,Sivri,,20.75,21.0,20.875,,,,,https://www.tb.org.tr/tr/findik-fiyatlari
tb_org,2021-05-28 10:05:05,Serbest Piyasa,FINDIK SERBEST PIYASA,Sivri,,21.0,21.25,21.125,,,,,https://www.tb.org.tr/tr/findik-fiyatlari
tb_org,2021-06-01 15:24:06,Serbest Piyasa,FINDIK SERBEST PIYASA,Sivri,,21.0,21.25,21.125,,,,,https://www.tb.org.tr/tr/findik-fiyatlari
tb_org,2021-06-10 10:15:05,Serbest Piyasa,FINDIK SERBEST PIYASA,Sivri,,21.75,22.0,21.875,,,,,https://www.tb.org.tr/tr/findik-fiyatlari
tb_org,2021-06-17 11:37:26,Serbest Piyasa,FINDIK SERBEST PIYASA,Sivri,,22.0,22.25,22.125,,,,,https://www.tb.org.tr/tr/findik-fiyatlari
tb_org,2021-06-30 11:48:27,Serbest Piyasa,FINDIK SERBEST PIYASA,Sivri,,21.75,22.0,21.875,,,,,https://www.tb.org.tr/tr/findik-fiyatlari
tb_org,2021-08-17 10:33:42,Serbest Piyasa,FINDIK SERBEST PIYASA,Sivri,,23.5,24.0,23.75,,,,,https://www.tb.org.tr/tr/findik-fiyatlari
tb_org,2021-09-08 14:07:47,Serbest Piyasa,FINDIK SERBEST PIYASA,Sivri,,23.25,23.75,23.5,,,,,https://www.tb.org.tr/tr/findik-fiyatlari
tb_org,2021-09-13 10:37:30,Serbest Piyasa,FINDIK SERBEST PIYASA,Sivri,,23.0,23.5,23.25,,,,,https://www.tb.org.tr/tr/findik-fiyatlari
tb_org,2021-09-13 13:12:17,Serbest Piyasa,FINDIK SERBEST PIYASA,Sivri,,22.75,23.25,23.0,,,,,https://www.tb.org.tr/tr/findik-fiyatlari
tb_org,2021-09-29 11:29:38,Serbest Piyasa,FINDIK SERBEST PIYASA,Sivri,,22.25,22.75,22.5,,,,,https://www.tb.org.tr/tr/findik-fiyatlari
tb_org,2021-10-04 11:05:29,Serbest Piyasa,FINDIK SERBEST PIYASA,Sivri,,22.5,23.0,22.75,,,,,https://www.tb.org.tr/tr/findik-fiyatlari
tb_org,2021-10-25 16:36:33,Serbest Piyasa,FINDIK SERBEST PIYASA,Sivri,,23.0,23.5,23.25,,,,,https://www.tb.org.tr/tr/findik-fiyatlari
tb_org,2021-11-10 09:47:38,Serbest Piyasa,FINDIK SERBEST PIYASA,Sivri,,23.25,23.75,23.5,,,,,https://www.tb.org.tr/tr/findik-fiyatlari
tb_org,2021-11-15 10:35:27,Serbest Piyasa,FINDIK SERBEST PIYASA,Sivri,,23.5,24.0,23.75,,,,,https://www.tb.org.tr/tr/findik-fiyatlari
tb_org,2021-11-16 13:17:45,Serbest Piyasa,FINDIK SERBEST PIYASA,Sivri,,23.75,24.25,24.0,,,,,https://www.tb.org.tr/tr/findik-fiyatlari
tb_org,2021-11-22 13:33:47,Serbest Piyasa,FINDIK SERBEST PIYASA,Sivri,,24.5,25.0,24.75,,,,,https://www.tb.org.tr/tr/findik-fiyatlari
tb_org,2021-11-23 09:36:05,Serbest Piyasa,FINDIK SERBEST PIYASA,Sivri,,25.25,25.75,25.5,,,,,https://www.tb.org.tr/tr/findik-fiyatlari
tb_org,2021-11-23 13:42:37,Serbest Piyasa,FINDIK SERBEST PIYASA,Sivri,,25.75,26.25,26.0,,,,,https://www.tb.org.tr/tr/findik-fiyatlari
tb_org,2021-11-25 17:31:05,Serbest Piyasa,FINDIK SERBEST PIYASA,Sivri,,25.25,25.75,25.5,,,,,https://www.tb.org.tr/tr/findik-fiyatlari
tb_org,2021-12-02 08:54:26,Serbest Piyasa,FINDIK SERBEST PIYASA,Sivri,,27.0,27.5,27.25,,,,,https://www.tb.org.tr/tr/findik-fiyatlari
tb_org,2021-12-03 15:26:28,Serbest Piyasa,FINDIK SERBEST PIYASA,Sivri,,28.75,29.25,29.0,,,,,https://www.tb.org.tr/tr/findik-fiyatlari
tb_org,2021-12-09 10:48:33,Serbest Piyasa,FINDIK SERBEST PIYASA,Sivri,,29.5,30.0,29.75,,,,,https://www.tb.org.tr/tr/findik-fiyatlari
tb_org,2021-12-09 13:01:36,Serbest Piyasa,FINDIK SERBEST PIYASA,Sivri,,30.0,30.5,30.25,,,,,https://www.tb.org.tr/tr/findik-fiyatlari
tb_org,2021-12-09 14:17:07,Serbest Piyasa,FINDIK SERBEST PIYASA,Sivri,,30.5,31.0,30.75,,,,,https://www.tb.org.tr/tr/findik-fiyatlari
tb_org,2021-12-10 09:11:12,Serbest Piyasa,FINDIK SERBEST PIYASA,Sivri,,31.5,32.0,31.75,,,,,https://www.tb.org.tr/tr/findik-fiyatlari
tb_org,2021-12-10 10:06:36,Serbest Piyasa,FINDIK SERBEST PIYASA,Sivri,,29.5,30.0,29.75,,,,,https://www.tb.org.tr/tr/findik-fiyatlari
tb_org,2021-12-13 13:17:06,Serbest Piyasa,FINDIK SERBEST PIYASA,Sivri,,30.0,30.5,30.25,,,,,https://www.tb.org.tr/tr/findik-fiyatlari
tb_org,2021-12-14 10:27:45,Serbest Piyasa,FINDIK SERBEST PIYASA,Sivri,,30.5,31.0,30.75,,,,,https://www.tb.org.tr/tr/findik-fiyatlari
tb_org,2021-12-15 10:45:10,Serbest Piyasa,FINDIK SERBEST PIYASA,Sivri,,31.5,32.0,31.75,,,,,https://www.tb.org.tr/tr/findik-fiyatlari
tb_org,2021-12-15 13:32:35,Serbest Piyasa,FINDIK SERBEST PIYASA,Sivri,,33.0,33.5,33.25,,,,,https://www.tb.org.tr/tr/findik-fiyatlari
tb_org,2021-12-20 11:39:02,Serbest Piyasa,FINDIK SERBEST PIYASA,Sivri,,34.5,35.0,34.75,,,,,https://www.tb.org.tr/tr/findik-fiyatlari
tb_org,2021-12-20 15:23:26,Serbest Piyasa,FINDIK SERBEST PIYASA,Sivri,,36.5,37.0,36.75,,,,,https://www.tb.org.tr/tr/findik-fiyatlari
tb_org,2021-12-21 09:33:40,Serbest Piyasa,FINDIK SERBEST PIYASA,Sivri,,30.5,31.0,30.75,,,,,https://www.tb.org.tr/tr/findik-fiyatlari
tb_org,2021-12-23 13:14:19,Serbest Piyasa,FINDIK SERBEST PIYASA,Sivri,,29.0,29.5,29.25,,,,,https://www.tb.org.tr/tr/findik-fiyatlari
tb_org,2021-12-23 14:22:47,Serbest Piyasa,FINDIK SERBEST PIYASA,Sivri,,28.0,28.5,28.25,,,,,https://www.tb.org.tr/tr/findik-fiyatlari
tb_org,2021-12-30 14:12:52,Serbest Piyasa,FINDIK SERBEST PIYASA,Sivri,,29.5,30.0,29.75,,,,,https://www.tb.org.tr/tr/findik-fiyatlari
tb_org,2022-01-03 10:21:50,Serbest Piyasa,FINDIK SERBEST PIYASA,Sivri,,30.5,31.0,30.75,,,,,https://www.tb.org.tr/tr/findik-fiyatlari
tb_org,2022-01-04 09:29:57,Serbest Piyasa,FINDIK SERBEST PIYASA,Sivri,,31.5,32.0,31.75,,,,,https://www.tb.org.tr/tr/findik-fiyatlari
tb_org,2022-01-06 14:39:27,Serbest Piyasa,FINDIK SERBEST PIYASA,Sivri,,33.0,33.5,33.25,,,,,https://www.tb.org.tr/tr/findik-fiyatlari
tb_org,2022-02-01 13:34:43,Serbest Piyasa,FINDIK SERBEST PIYASA,Sivri,,32.5,33.0,32.75,,,,,https://www.tb.org.tr/tr/findik-fiyatlari
tb_org,2022-02-15 11:58:39,Serbest Piyasa,FINDIK SERBEST PIYASA,Sivri,,33.5,34.0,33.75,,,,,https://www.tb.org.tr/tr/findik-fiyatlari
tb_org,2022-02-17 11:07:30,Serbest Piyasa,FINDIK SERBEST PIYASA,Sivri,,34.5,35.0,34.75,,,,,https://www.tb.org.tr/tr/findik-fiyatlari
tb_org,2022-02-21 16:53:04,Serbest Piyasa,FINDIK SERBEST PIYASA,Sivri,,34.25,34.75,34.5,,,,,https://www.tb.org.tr/tr/findik-fiyatlari
tb_org,2022-03-11 10:14:53,Serbest Piyasa,FINDIK SERBEST PIYASA,Sivri,,35.5,39.0,37.25,,,,,https://www.tb.org.tr/tr/findik-fiyatlari
tb_org,2022-08-24 13:10:10,Serbest Piyasa,FINDIK SERBEST PIYASA,Sivri,,43.0,44.0,43.5,,,,,https://www.tb.org.tr/tr/findik-fiyatlari
tb_org,2022-09-05 17:40:21,Serbest Piyasa,FINDIK SERBEST PIYASA,Sivri,,43.0,48.0,45.5,,,,,https://www.tb.org.tr/tr/findik-fiyatlari
tb_org,2022-09-06 14:06:13,Serbest Piyasa,FINDIK SERBEST PIYASA,Sivri,,42.5,48.0,45.25,,,,,https://www.tb.org.tr/tr/findik-fiyatlari
tb_org,2022-09-21 11:11:14,Serbest Piyasa,FINDIK SERBEST PIYASA,Sivri,,43.0,48.0,45.5,,,,,https://www.tb.org.tr/tr/findik-fiyatlari
tb_org,2022-11-23 12:00:51,Serbest Piyasa,FINDIK SERBEST PIYASA,Sivri,,47.0,48.0,47.5,,,,,https://www.tb.org.tr/tr/findik-fiyatlari
tb_org,2022-12-05 09:14:35,Serbest Piyasa,FINDIK SERBEST PIYASA,Sivri,,48.5,49.0,48.75,,,,,https://www.tb.org.tr/tr/findik-fiyatlari
tb_org,2022-12-06 12:05:35,Serbest Piyasa,FINDIK SERBEST PIYASA,Sivri,,49.0,49.5,49.25,,,,,https://www.tb.org.tr/tr/findik-fiyatlari
tb_org,2022-12-09 10:32:49,Serbest Piyasa,FINDIK SERBEST PIYASA,Sivri,,49.5,50.0,49.75,,,,,https://www.tb.org.tr/tr/findik-fiyatlari
tb_org,2022-12-14 11:56:28,Serbest Piyasa,FINDIK SERBEST PIYASA,Sivri,,49.5,50.0,49.75,,,,,https://www.tb.org.tr/tr/findik-fiyatlari
tb_org,2022-12-15 11:33:05,Serbest Piyasa,FINDIK SERBEST PIYASA,Sivri,,50.0,50.5,50.25,,,,,https://www.tb.org.tr/tr/findik-fiyatlari
tb_org,2022-12-16 10:48:52,Serbest Piyasa,FINDIK SERBEST PIYASA,Sivri,,51.5,52.0,51.75,,,,,https://www.tb.org.tr/tr/findik-fiyatlari
tb_org,2022-12-19 15:05:25,Serbest Piyasa,FINDIK SERBEST PIYASA,Sivri,,52.5,53.0,52.75,,,,,https://www.tb.org.tr/tr/findik-fiyatlari
tb_org,2022-12-26 11:06:32,Serbest Piyasa,FINDIK SERBEST PIYASA,Sivri,,53.0,53.5,53.25,,,,,https://www.tb.org.tr/tr/findik-fiyatlari
tb_org,2022-12-30 14:08:18,Serbest Piyasa,FINDIK SERBEST PIYASA,Sivri,,53.5,54.0,53.75,,,,,https://www.tb.org.tr/tr/findik-fiyatlari
tb_org,2023-01-02 14:38:59,Serbest Piyasa,FINDIK SERBEST PIYASA,Sivri,,54.0,54.5,54.25,,,,,https://www.tb.org.tr/tr/findik-fiyatlari
tb_org,2023-01-20 16:19:21,Serbest Piyasa,FINDIK SERBEST PIYASA,Sivri,,55.0,55.5,55.25,,,,,https://www.tb.org.tr/tr/findik-fiyatlari
tb_org,2023-01-26 15:47:22,Serbest Piyasa,FINDIK SERBEST PIYASA,Sivri,,57.5,58.0,57.75,,,,,https://www.tb.org.tr/tr/findik-fiyatlari
tb_org,2023-01-31 14:28:19,Serbest Piyasa,FINDIK SERBEST PIYASA,Sivri,,56.5,57.5,57.0,,,,,https://www.tb.org.tr/tr/findik-fiyatlari
tb_org,2023-02-01 11:07:25,Serbest Piyasa,FINDIK SERBEST PIYASA,Sivri,,54.0,54.0,54.0,,,,,https://www.tb.org.tr/tr/findik-fiyatlari
tb_org,2023-02-03 11:49:23,Serbest Piyasa,FINDIK SERBEST PIYASA,Sivri,,54.0,54.5,54.25,,,,,https://www.tb.org.tr/tr/findik-fiyatlari
tb_org,2023-02-06 11:08:34,Serbest Piyasa,FINDIK SERBEST PIYASA,Sivri,,54.5,55.0,54.75,,,,,https://www.tb.org.tr/tr/findik-fiyatlari
tb_org,2023-02-08 11:45:10,Serbest Piyasa,FINDIK SERBEST PIYASA,Sivri,,55.0,55.5,55.25,,,,,https://www.tb.org.tr/tr/findik-fiyatlari
tb_org,2023-02-13 13:50:32,Serbest Piyasa,FINDIK SERBEST PIYASA,Sivri,,53.0,54.0,53.5,,,,,https://www.tb.org.tr/tr/findik-fiyatlari
tb_org,2023-03-13 14:58:47,Serbest Piyasa,FINDIK SERBEST PIYASA,Sivri,,52.0,53.5,52.75,,,,,https://www.tb.org.tr/tr/findik-fiyatlari
tb_org,2023-03-28 14:00:42,Serbest Piyasa,FINDIK SERBEST PIYASA,Sivri,,54.0,54.5,54.25,,,,,https://www.tb.org.tr/tr/findik-fiyatlari
tb_org,2023-03-30 10:12:33,Serbest Piyasa,FINDIK SERBEST PIYASA,Sivri,,54.0,54.5,54.25,,,,,https://www.tb.org.tr/tr/findik-fiyatlari
tb_org,2023-04-18 11:33:18,Serbest Piyasa,FINDIK SERBEST PIYASA,Sivri,,53.0,53.5,53.25,,,,,https://www.tb.org.tr/tr/findik-fiyatlari
tb_org,2023-05-23 13:28:25,Serbest Piyasa,FINDIK SERBEST PIYASA,Sivri,,53.0,53.0,53.0,,,,,https://www.tb.org.tr/tr/findik-fiyatlari
tb_org,2023-05-24 16:37:43,Serbest Piyasa,FINDIK SERBEST PIYASA,Sivri,,52.0,52.5,52.25,,,,,https://www.tb.org.tr/tr/findik-fiyatlari
tb_org,2023-06-09 10:56:53,Serbest Piyasa,FINDIK SERBEST PIYASA,Sivri,,54.5,54.5,54.5,,,,,https://www.tb.org.tr/tr/findik-fiyatlari
tb_org,2023-06-15 13:53:36,Serbest Piyasa,FINDIK SERBEST PIYASA,Sivri,,54.0,56.0,55.0,,,,,https://www.tb.org.tr/tr/findik-fiyatlari
tb_org,2023-06-20 10:26:31,Serbest Piyasa,FINDIK SERBEST PIYASA,Sivri,,54.0,57.0,55.5,,,,,https://www.tb.org.tr/tr/findik-fiyatlari
tb_org,2023-08-23 09:00:35,Serbest Piyasa,FINDIK SERBEST PIYASA,Sivri,,0.0,0.0,0.0,,,,,https://www.tb.org.tr/tr/findik-fiyatlari
tb_org,2023-08-23 11:45:45,Serbest Piyasa,FINDIK SERBEST PIYASA,Sivri,,0.0,0.0,0.0,,,,,https://www.tb.org.tr/tr/findik-fiyatlari
tb_org,2023-09-06 16:50:34,Serbest Piyasa,FINDIK SERBEST PIYASA,Sivri,,76.0,77.5,76.75,,,,,https://www.tb.org.tr/tr/findik-fiyatlari
tb_org,2023-09-08 13:57:31,Serbest Piyasa,FINDIK SERBEST PIYASA,Sivri,,77.5,79.5,78.5,,,,,https://www.tb.org.tr/tr/findik-fiyatlari
tb_org,2023-09-11 11:34:03,Serbest Piyasa,FINDIK SERBEST PIYASA,Sivri,,79.5,82.5,81.0,,,,,https://www.tb.org.tr/tr/findik-fiyatlari
tb_org,2023-09-14 13:10:42,Serbest Piyasa,FINDIK SERBEST PIYASA,Sivri,,85.0,87.5,86.25,,,,,https://www.tb.org.tr/tr/findik-fiyatlari
tb_org,2023-09-15 11:19:57,Serbest Piyasa,FINDIK SERBEST PIYASA,Sivri,,92.5,93.5,93.0,,,,,https://www.tb.org.tr/tr/findik-fiyatlari
tb_org,2023-09-21 11:11:00,Serbest Piyasa,FINDIK SERBEST PIYASA,Sivri,,93.5,96.5,95.0,,,,,https://www.tb.org.tr/tr/findik-fiyatlari
tb_org,2023-10-03 11:24:16,Serbest Piyasa,FINDIK SERBEST PIYASA,Sivri,,93.0,95.0,94.0,,,,,https://www.tb.org.tr/tr/findik-fiyatlari
tb_org,2023-10-05 14:51:50,Serbest Piyasa,FINDIK SERBEST PIYASA,Sivri,,91.5,92.5,92.0,,,,,https://www.tb.org.tr/tr/findik-fiyatlari
tb_org,2023-10-11 10:53:33,Serbest Piyasa,FINDIK SERBEST PIYASA,Sivri,,88.5,89.0,88.75,,,,,https://www.tb.org.tr/tr/findik-fiyatlari
tb_org,2023-10-18 10:12:35,Serbest Piyasa,FINDIK SERBEST PIYASA,Sivri,,89.5,91.0,90.25,,,,,https://www.tb.org.tr/tr/findik-fiyatlari
tb_org,2024-01-03 11:53:45,Serbest Piyasa,FINDIK SERBEST PIYASA,Sivri,,94.5,96.0,95.25,,,,,https://www.tb.org.tr/tr/findik-fiyatlari
tb_org,2024-01-05 11:40:46,Serbest Piyasa,FINDIK SERBEST PIYASA,Sivri,,98.0,100.0,99.0,,,,,https://www.tb.org.tr/tr/findik-fiyatlari
tb_org,2024-01-08 16:13:02,Serbest Piyasa,FINDIK SERBEST PIYASA,Sivri,,98.0,103.5,100.75,,,,,https://www.tb.org.tr/tr/findik-fiyatlari
tb_org,2024-01-09 14:37:43,Serbest Piyasa,FINDIK SERBEST PIYASA,Sivri,,102.5,103.5,103.0,,,,,https://www.tb.org.tr/tr/findik-fiyatlari
tb_org,2024-01-19 14:26:54,Serbest Piyasa,FINDIK SERBEST PIYASA,Sivri,,108.5,112.0,110.25,,,,,https://www.tb.org.tr/tr/findik-fiyatlari
tb_org,2024-01-30 09:34:53,Serbest Piyasa,FINDIK SERBEST PIYASA,Sivri,,108.5,111.0,109.75,,,,,https://www.tb.org.tr/tr/findik-fiyatlari
tb_org,2024-02-14 09:55:28,Serbest Piyasa,FINDIK SERBEST PIYASA,Sivri,,110.5,112.0,111.25,,,,,https://www.tb.org.tr/tr/findik-fiyatlari
tb_org,2024-02-20 14:54:22,Serbest Piyasa,FINDIK SERBEST PIYASA,Sivri,,113.5,114.0,113.75,,,,,https://www.tb.org.tr/tr/findik-fiyatlari
tb_org,2024-02-22 10:10:49,Serbest Piyasa,FINDIK SERBEST PIYASA,Sivri,,116.0,120.0,118.0,,,,,https://www.tb.org.tr/tr/findik-fiyatlari
tb_org,2024-03-18 13:02:11,Serbest Piyasa,FINDIK SERBEST PIYASA,Sivri,,117.5,122.5,120.0,,,,,https://www.tb.org.tr/tr/findik-fiyatlari
tb_org,2024-03-21 13:07:14,Serbest Piyasa,FINDIK SERBEST PIYASA,Sivri,,117.5,119.5,118.5,,,,,https://www.tb.org.tr/tr/findik-fiyatlari
tb_org,2024-03-22 15:43:27,Serbest Piyasa,FINDIK SERBEST PIYASA,Sivri,,117.5,118.5,118.0,,,,,https://www.tb.org.tr/tr/findik-fiyatlari
tb_org,2019-10-11 00:00:00,Serbest Piyasa,FINDIK SERBEST PIYASA,Yağlı,,15.65,15.8,15.725000000000001,,,,,https://www.tb.org.tr/tr/findik-fiyatlari
tb_org,2019-10-16 00:00:00,Serbest Piyasa,FINDIK SERBEST PIYASA,Yağlı,,15.7,15.85,15.774999999999999,,,,,https://www.tb.org.tr/tr/findik-fiyatlari
tb_org,2019-10-21 00:00:00,Serbest Piyasa,FINDIK SERBEST PIYASA,Yağlı,,15.8,15.95,15.875,,,,,https://www.tb.org.tr/tr/findik-fiyatlari
tb_org,2019-10-23 00:00:00,Serbest Piyasa,FINDIK SERBEST PIYASA,Yağlı,,15.95,16.1,16.025,,,,,https://www.tb.org.tr/tr/findik-fiyatlari
tb_org,2019-10-25 00:00:00,Serbest Piyasa,FINDIK SERBEST PIYASA,Yağlı,,16.2,16.35,16.275,,,,,https://www.tb.org.tr/tr/findik-fiyatlari
tb_org,2019-10-28 00:00:00,Serbest Piyasa,FINDIK SERBEST PIYASA,Yağlı,,16.45,16.6,16.525,,,,,https://www.tb.org.tr/tr/findik-fiyatlari
tb_org,2019-10-30 00:00:00,Serbest Piyasa,FINDIK SERBEST PIYASA,Yağlı,,16.85,16.7,16.775,,,,,https://www.tb.org.tr/tr/findik-fiyatlari
tb_org,2019-10-31 00:00:00,Serbest Piyasa,FINDIK SERBEST PIYASA,Yağlı,,16.7,16.85,16.775,,,,,https://www.tb.org.tr/tr/findik-fiyatlari
tb_org,2019-11-02 00:00:00,Serbest Piyasa,FINDIK SERBEST PIYASA,Yağlı,,16.6,16.75,16.675,,,,,https://www.tb.org.tr/tr/findik-fiyatlari
tb_org,2019-11-04 00:00:00,Serbest Piyasa,FINDIK SERBEST PIYASA,Yağlı,,17.4,17.55,17.475,,,,,https://www.tb.org.tr/tr/findik-fiyatlari
tb_org,2019-11-06 00:00:00,Serbest Piyasa,FINDIK SERBEST PIYASA,Yağlı,,17.6,17.75,17.675,,,,,https://www.tb.org.tr/tr/findik-fiyatlari
tb_org,2019-12-25 00:00:00,Serbest Piyasa,FINDIK SERBEST PIYASA,Yağlı,,17.8,17.95,17.875,,,,,https://www.tb.org.tr/tr/findik-fiyatlari
tb_org,2019-12-27 00:00:00,Serbest Piyasa,FINDIK SERBEST PIYASA,Yağlı,,18.05,18.2,18.125,,,,,https://www.tb.org.tr/tr/findik-fiyatlari
tb_org,2020-01-03 00:00:00,Serbest Piyasa,FINDIK SERBEST PIYASA,Yağlı,,18.3,18.45,18.375,,,,,https://www.tb.org.tr/tr/findik-fiyatlari
tb_org,2020-01-06 00:00:00,Serbest Piyasa,FINDIK SERBEST PIYASA,Yağlı,,18.55,18.7,18.625,,,,,https://www.tb.org.tr/tr/findik-fiyatlari
tb_org,2020-01-08 00:00:00,Serbest Piyasa,FINDIK SERBEST PIYASA,Yağlı,,19.05,19.2,19.125,,,,,https://www.tb.org.tr/tr/findik-fiyatlari
tb_org,2020-01-22 00:00:00,Serbest Piyasa,FINDIK SERBEST PIYASA,Yağlı,,19.3,19.45,19.375,,,,,https://www.tb.org.tr/tr/findik-fiyatlari
tb_org,2020-02-17 00:00:00,Serbest Piyasa,FINDIK SERBEST PIYASA,Yağlı,,19.5,19.65,19.575,,,,,https://www.tb.org.tr/tr/findik-fiyatlari
tb_org,2020-02-27 00:00:00,Serbest Piyasa,FINDIK SERBEST PIYASA,Yağlı,,19.3,19.5,19.4,,,,,https://www.tb.org.tr/tr/findik-fiyatlari
tb_org,2020-04-29 00:00:00,Serbest Piyasa,FINDIK SERBEST PIYASA,Yağlı,,21.0,21.5,21.25,,,,,https://www.tb.org.tr/tr/findik-fiyatlari
tb_org,2020-05-11 00:00:00,Serbest Piyasa,FINDIK SERBEST PIYASA,Yağlı,,21.5,24.0,22.75,,,,,https://www.tb.org.tr/tr/findik-fiyatlari
tb_org,2020-06-08 00:00:00,Serbest Piyasa,FINDIK SERBEST PIYASA,Yağlı,,21.0,21.0,21.0,,,,,https://www.tb.org.tr/tr/findik-fiyatlari
tb_org,2020-06-10 00:00:00,Serbest Piyasa,FINDIK SERBEST PIYASA,Yağlı,,20.0,20.0,20.0,,,,,https://www.tb.org.tr/tr/findik-fiyatlari
tb_org,2020-06-11 00:00:00,Serbest Piyasa,FINDIK SERBEST PIYASA,Yağlı,,19.5,19.5,19.5,,,,,https://www.tb.org.tr/tr/findik-fiyatlari
tb_org,2020-06-13 00:00:00,Serbest Piyasa,FINDIK SERBEST PIYASA,Yağlı,,19.5,21.0,20.25,,,,,https://www.tb.org.tr/tr/findik-fiyatlari
tb_org,2020-06-19 00:00:00,Serbest Piyasa,FINDIK SERBEST PIYASA,Yağlı,,18.5,20.5,19.5,,,,,https://www.tb.org.tr/tr/findik-fiyatlari
tb_org,2020-06-24 00:00:00,Serbest Piyasa,FINDIK SERBEST PIYASA,Yağlı,,18.0,19.5,18.75,,,,,https://www.tb.org.tr/tr/findik-fiyatlari
tb_org,2020-08-10 00:00:00,Serbest Piyasa,FINDIK SERBEST PIYASA,Yağlı,,21.0,20.8,20.9,,,,,https://www.tb.org.tr/tr/findik-fiyatlari
tb_org,2020-08-17 00:00:00,Serbest Piyasa,FINDIK SERBEST PIYASA,Yağlı,,21.0,21.25,21.125,,,,,https://www.tb.org.tr/tr/findik-fiyatlari
tb_org,2020-08-19 00:00:00,Serbest Piyasa,FINDIK SERBEST PIYASA,Yağlı,,21.25,21.5,21.375,,,,,https://www.tb.org.tr/tr/findik-fiyatlari
tb_org,2020-09-15 00:00:00,Serbest Piyasa,FINDIK SERBEST PIYASA,Yağlı,,21.75,22.0,21.875,,,,,https://www.tb.org.tr/tr/findik-fiyatlari
tb_org,2020-09-16 00:00:00,Serbest Piyasa,FINDIK SERBEST PIYASA,Yağlı,,22.0,22.25,22.125,,,,,https://www.tb.org.tr/tr/findik-fiyatlari
tb_org,2020-09-21 13:59:38,Serbest Piyasa,FINDIK SERBEST PIYASA,Yağlı,,23.0,23.25,23.125,,,,,https://www.tb.org.tr/tr/findik-fiyatlari
tb_org,2020-09-23 14:29:19,Serbest Piyasa,FINDIK SERBEST PIYASA,Yağlı,,23.25,23.5,23.375,,,,,https://www.tb.org.tr/tr/findik-fiyatlari
tb_org,2020-09-25 13:46:24,Serbest Piyasa,FINDIK SERBEST PIYASA,Yağlı,,23.75,24.0,23.875,,,,,https://www.tb.org.tr/tr/findik-fiyatlari
tb_org,2020-09-28 10:46:30,Serbest Piyasa,FINDIK SERBEST PIYASA,Yağlı,,23.25,23.5,23.375,,,,,https://www.tb.org.tr/tr/findik-fiyatlari
tb_org,2020-09-29 15:00:50,Serbest Piyasa,FINDIK SERBEST PIYASA,Yağlı,,24.5,24.25,24.375,,,,,https://www.tb.org.tr/tr/findik-fiyatlari
tb_org,2020-09-30 14:13:36,Serbest Piyasa,FINDIK SERBEST PIYASA,Yağlı,,24.75,25.0,24.875,,,,,https://www.tb.org.tr/tr/findik-fiyatlari
tb_org,2020-10-06 15:23:54,Serbest Piyasa,FINDIK SERBEST PIYASA,Yağlı,,25.0,25.25,25.125,,,,,https://www.tb.org.tr/tr/findik-fiyatlari
tb_org,2020-10-19 16:40:34,Serbest Piyasa,FINDIK SERBEST PIYASA,Yağlı,,24.25,24.5,24.375,,,,,https://www.tb.org.tr/tr/findik-fiyatlari
tb_org,2020-10-21 12:48:24,Serbest Piyasa,FINDIK SERBEST PIYASA,Yağlı,,24.0,24.5,24.25,,,,,https://www.tb.org.tr/tr/findik-fiyatlari
tb_org,2020-10-21 13:30:37,Serbest Piyasa,FINDIK SERBEST PIYASA,Yağlı,,23.75,24.25,24.0,,,,,https://www.tb.org.tr/tr/findik-fiyatlari
tb_org,2020-10-23 11:42:49,Serbest Piyasa,FINDIK SERBEST PIYASA,Yağlı,,23.75,24.0,23.875,,,,,https://www.tb.org.tr/tr/findik-fiyatlari
tb_org,2020-10-26 15:20:35,Serbest Piyasa,FINDIK SERBEST PIYASA,Yağlı,,24.0,24.25,24.125,,,,,https://www.tb.org.tr/tr/findik-fiyatlari
tb_org,2020-11-09 12:03:27,Serbest Piyasa,FINDIK SERBEST PIYASA,Yağlı,,23.75,24.0,23.875,,,,,https://www.tb.org.tr/tr/findik-fiyatlari
tb_org,2020-11-09 13:41:33,Serbest Piyasa,FINDIK SERBEST PIYASA,Yağlı,,23.5,23.75,23.625,,,,,https://www.tb.org.tr/tr/findik-fiyatlari
tb_org,2020-11-11 14:45:07,Serbest Piyasa,FINDIK SERBEST PIYASA,Yağlı,,23.75,24.0,23.875,,,,,https://www.tb.org.tr/tr/findik-fiyatlari
tb_org,2020-11-12 15:19:05,Serbest Piyasa,FINDIK SERBEST PIYASA,Yağlı,,24.0,24.25,24.125,,,,,https://www.tb.org.tr/tr/findik-fiyatlari
tb_org,2020-11-18 12:21:59,Serbest Piyasa,FINDIK SERBEST PIYASA,Yağlı,,23.25,23.5,23.375,,,,,https://www.tb.org.tr/tr/findik-fiyatlari
tb_org,2020-12-04 15:02:32,Serbest Piyasa,FINDIK SERBEST PIYASA,Yağlı,,23.0,23.25,23.125,,,,,https://www.tb.org.tr/tr/findik-fiyatlari
tb_org,2020-12-07 12:06:11,Serbest Piyasa,FINDIK SERBEST PIYASA,Yağlı,,22.5,22.75,22.625,,,,,https://www.tb.org.tr/tr/findik-fiyatlari
tb_org,2020-12-14 12:00:23,Serbest Piyasa,FINDIK SERBEST PIYASA,Yağlı,,22.75,23.0,22.875,,,,,https://www.tb.org.tr/tr/findik-fiyatlari
tb_org,2021-01-22 13:41:50,Serbest Piyasa,FINDIK SERBEST PIYASA,Yağlı,,22.5,23.5,23.0,,,,,https://www.tb.org.tr/tr/findik-fiyatlari
tb_org,2021-01-25 13:41:18,Serbest Piyasa,FINDIK SERBEST PIYASA,Yağlı,,22.25,23.25,22.75,,,,,https://www.tb.org.tr/tr/findik-fiyatlari
tb_org,2021-01-29 16:13:06,Serbest Piyasa,FINDIK SERBEST PIYASA,Yağlı,,21.75,22.0,21.875,,,,,https://www.tb.org.tr/tr/findik-fiyatlari
tb_org,2021-02-10 14:28:53,Serbest Piyasa,FINDIK SERBEST PIYASA,Yağlı,,22.0,22.25,22.125,,,,,https://www.tb.org.tr/tr/findik-fiyatlari
tb_org,2021-02-22 17:06:30,Serbest Piyasa,FINDIK SERBEST PIYASA,Yağlı,,22.25,22.75,22.5,,,,,https://www.tb.org.tr/tr/findik-fiyatlari
tb_org,2021-03-10 14:53:08,Serbest Piyasa,FINDIK SERBEST PIYASA,Yağlı,,22.5,23.0,22.75,,,,,https://www.tb.org.tr/tr/findik-fiyatlari
tb_org,2021-04-14 16:09:41,Serbest Piyasa,FINDIK SERBEST PIYASA,Yağlı,,22.0,22.25,22.125,,,,,https://www.tb.org.tr/tr/findik-fiyatlari
tb_org,2021-04-27 15:01:10,Serbest Piyasa,FINDIK SERBEST PIYASA,Yağlı,,21.5,21.75,21.625,,,,,https://www.tb.org.tr/tr/findik-fiyatlari
tb_org,2021-04-30 13:31:22,Serbest Piyasa,FINDIK SERBEST PIYASA,Yağlı,,21.0,21.25,21.125,,,,,https://www.tb.org.tr/tr/findik-fiyatlari
tb_org,2021-05-20 15:15:32,Serbest Piyasa,FINDIK SERBEST PIYASA,Yağlı,,21.5,21.75,21.625,,,,,https://www.tb.org.tr/tr/findik-fiyatlari
tb_org,2021-05-24 15:18:36,Serbest Piyasa,FINDIK SERBEST PIYASA,Yağlı,,23.0,23.25,23.125,,,,,https://www.tb.org.tr/tr/findik-fiyatlari
tb_org,2021-05-28 10:04:31,Serbest Piyasa,FINDIK SERBEST PIYASA,Yağlı,,23.25,23.5,23.375,,,,,https://www.tb.org.tr/tr/findik-fiyatlari
tb_org,2021-06-01 15:24:24,Serbest Piyasa,FINDIK SERBEST PIYASA,Yağlı,,22.25,22.5,22.375,,,,,https://www.tb.org.tr/tr/findik-fiyatlari
tb_org,2021-06-10 10:15:33,Serbest Piyasa,FINDIK SERBEST PIYASA,Yağlı,,23.0,23.25,23.125,,,,,https://www.tb.org.tr/tr/findik-fiyatlari
tb_org,2021-06-17 11:37:47,Serbest Piyasa,FINDIK SERBEST PIYASA,Yağlı,,23.25,23.5,23.375,,,,,https://www.tb.org.tr/tr/findik-fiyatlari
tb_org,2021-06-30 11:47:58,Serbest Piyasa,FINDIK SERBEST PIYASA,Yağlı,,23.0,23.25,23.125,,,,,https://www.tb.org.tr/tr/findik-fiyatlari
tb_org,2021-08-17 10:33:57,Serbest Piyasa,FINDIK SERBEST PIYASA,Yağlı,,25.0,24.5,24.75,,,,,https://www.tb.org.tr/tr/findik-fiyatlari
tb_org,2021-08-17 10:34:48,Serbest Piyasa,FINDIK SERBEST PIYASA,Yağlı,,24.5,25.0,24.75,,,,,https://www.tb.org.tr/tr/findik-fiyatlari
tb_org,2021-09-08 14:07:27,Serbest Piyasa,FINDIK SERBEST PIYASA,Yağlı,,24.25,24.75,24.5,,,,,https://www.tb.org.tr/tr/findik-fiyatlari
tb_org,2021-09-13 10:37:09,Serbest Piyasa,FINDIK SERBEST PIYASA,Yağlı,,24.0,24.5,24.25,,,,,https://www.tb.org.tr/tr/findik-fiyatlari
tb_org,2021-09-13 13:12:02,Serbest Piyasa,FINDIK SERBEST PIYASA,Yağlı,,23.75,24.25,24.0,,,,,https://www.tb.org.tr/tr/findik-fiyatlari
tb_org,2021-09-29 11:29:58,Serbest Piyasa,FINDIK SERBEST PIYASA,Yağlı,,23.25,23.75,23.5,,,,,https://www.tb.org.tr/tr/findik-fiyatlari
tb_org,2021-10-04 11:06:25,Serbest Piyasa,FINDIK SERBEST PIYASA,Yağlı,,24.0,23.5,23.75,,,,,https://www.tb.org.tr/tr/findik-fiyatlari
tb_org,2021-10-25 16:37:12,Serbest Piyasa,FINDIK SERBEST PIYASA,Yağlı,,24.25,24.75,24.5,,,,,https://www.tb.org.tr/tr/findik-fiyatlari
tb_org,2021-11-10 09:47:57,Serbest Piyasa,FINDIK SERBEST PIYASA,Yağlı,,24.25,24.75,24.5,,,,,https://www.tb.org.tr/tr/findik-fiyatlari
tb_org,2021-11-15 10:35:44,Serbest Piyasa,FINDIK SERBEST PIYASA,Yağlı,,24.5,25.0,24.75,,,,,https://www.tb.org.tr/tr/findik-fiyatlari
tb_org,2021-11-16 13:18:00,Serbest Piyasa,FINDIK SERBEST PIYASA,Yağlı,,24.75,25.25,25.0,,,,,https://www.tb.org.tr/tr/findik-fiyatlari
tb_org,2021-11-22 13:34:00,Serbest Piyasa,FINDIK SERBEST PIYASA,Yağlı,,25.25,25.75,25.5,,,,,https://www.tb.org.tr/tr/findik-fiyatlari
tb_org,2021-11-23 09:36:23,Serbest Piyasa,FINDIK SERBEST PIYASA,Yağlı,,26.0,26.5,26.25,,,,,https://www.tb.org.tr/tr/findik-fiyatlari
tb_org,2021-11-23 13:42:19,Serbest Piyasa,FINDIK SERBEST PIYASA,Yağlı,,26.5,27.0,26.75,,,,,https://www.tb.org.tr/tr/findik-fiyatlari
tb_org,2021-11-25 17:31:24,Serbest Piyasa,FINDIK SERBEST PIYASA,Yağlı,,26.0,26.5,26.25,,,,,https://www.tb.org.tr/tr/findik-fiyatlari
tb_org,2021-12-02 08:54:41,Serbest Piyasa,FINDIK SERBEST PIYASA,Yağlı,,27.5,28.0,27.75,,,,,https://www.tb.org.tr/tr/findik-fiyatlari
tb_org,2021-12-03 15:27:41,Serbest Piyasa,FINDIK SERBEST PIYASA,Yağlı,,29.25,29.75,29.5,,,,,https://www.tb.org.tr/tr/findik-fiyatlari
tb_org,2021-12-09 10:48:15,Serbest Piyasa,FINDIK SERBEST PIYASA,Yağlı,,30.0,30.5,30.25,,,,,https://www.tb.org.tr/tr/findik-fiyatlari
tb_org,2021-12-09 13:01:10,Serbest Piyasa,FINDIK SERBEST PIYASA,Yağlı,,30.5,31.0,30.75,,,,,https://www.tb.org.tr/tr/findik-fiyatlari
tb_org,2021-12-09 14:16:50,Serbest Piyasa,FINDIK SERBEST PIYASA,Yağlı,,30.5,31.0,30.75,,,,,https://www.tb.org.tr/tr/findik-fiyatlari
tb_org,2021-12-10 09:11:00,Serbest Piyasa,FINDIK SERBEST PIYASA,Yağlı,,31.5,32.0,31.75,,,,,https://www.tb.org.tr/tr/findik-fiyatlari
tb_org,2021-12-10 10:06:25,Serbest Piyasa,FINDIK SERBEST PIYASA,Yağlı,,29.5,30.0,29.75,,,,,https://www.tb.org.tr/tr/findik-fiyatlari
tb_org,2021-12-13 13:16:55,Serbest Piyasa,FINDIK SERBEST PIYASA,Yağlı,,30.0,30.5,30.25,,,,,https://www.tb.org.tr/tr/findik-fiyatlari
tb_org,2021-12-14 10:27:32,Serbest Piyasa,FINDIK SERBEST PIYASA,Yağlı,,30.5,31.0,30.75,,,,,https://www.tb.org.tr/tr/findik-fiyatlari
tb_org,2021-12-15 10:45:41,Serbest Piyasa,FINDIK SERBEST PIYASA,Yağlı,,32.0,32.5,32.25,,,,,https://www.tb.org.tr/tr/findik-fiyatlari
tb_org,2021-12-15 13:32:53,Serbest Piyasa,FINDIK SERBEST PIYASA,Yağlı,,33.5,34.0,33.75,,,,,https://www.tb.org.tr/tr/findik-fiyatlari
tb_org,2021-12-20 11:39:24,Serbest Piyasa,FINDIK SERBEST PIYASA,Yağlı,,35.0,35.5,35.25,,,,,https://www.tb.org.tr/tr/findik-fiyatlari
tb_org,2021-12-20 15:23:48,Serbest Piyasa,FINDIK SERBEST PIYASA,Yağlı,,37.0,37.5,37.25,,,,,https://www.tb.org.tr/tr/findik-fiyatlari
tb_org,2021-12-21 09:34:10,Serbest Piyasa,FINDIK SERBEST PIYASA,Yağlı,,31.0,31.5,31.25,,,,,https://www.tb.org.tr/tr/findik-fiyatlari
tb_org,2021-12-23 13:14:45,Serbest Piyasa,FINDIK SERBEST PIYASA,Yağlı,,29.5,30.0,29.75,,,,,https://www.tb.org.tr/tr/findik-fiyatlari
tb_org,2021-12-23 14:23:14,Serbest Piyasa,FINDIK SERBEST PIYASA,Yağlı,,28.5,29.0,28.75,,,,,https://www.tb.org.tr/tr/findik-fiyatlari
tb_org,2021-12-30 14:13:26,Serbest Piyasa,FINDIK SERBEST PIYASA,Yağlı,,30.0,30.5,30.25,,,,,https://www.tb.org.tr/tr/findik-fiyatlari
tb_org,2022-01-03 10:22:27,Serbest Piyasa,FINDIK SERBEST PIYASA,Yağlı,,31.0,31.5,31.25,,,,,https://www.tb.org.tr/tr/findik-fiyatlari
tb_org,2022-01-04 09:30:28,Serbest Piyasa,FINDIK SERBEST PIYASA,Yağlı,,32.0,32.5,32.25,,,,,https://www.tb.org.tr/tr/findik-fiyatlari
tb_org,2022-01-06 14:39:51,Serbest Piyasa,FINDIK SERBEST PIYASA,Yağlı,,33.5,34.0,33.75,,,,,https://www.tb.org.tr/tr/findik-fiyatlari
tb_org,2022-02-01 13:49:46,Serbest Piyasa,FINDIK SERBEST PIYASA,Yağlı,,33.5,34.0,33.75,,,,,https://www.tb.org.tr/tr/findik-fiyatlari
tb_org,2022-02-15 11:59:07,Serbest Piyasa,FINDIK SERBEST PIYASA,Yağlı,,34.0,34.5,34.25,,,,,https://www.tb.org.tr/tr/findik-fiyatlari
tb_org,2022-02-17 11:07:08,Serbest Piyasa,FINDIK SERBEST PIYASA,Yağlı,,35.0,35.5,35.25,,,,,https://www.tb.org.tr/tr/findik-fiyatlari
tb_org,2022-02-21 16:54:03,Serbest Piyasa,FINDIK SERBEST PIYASA,Yağlı,,34.75,35.25,35.0,,,,,https://www.tb.org.tr/tr/findik-fiyatlari
tb_org,2022-03-11 10:15:06,Serbest Piyasa,FINDIK SERBEST PIYASA,Yağlı,,36.5,39.0,37.75,,,,,https://www.tb.org.tr/tr/findik-fiyatlari
tb_org,2022-08-24 13:10:39,Serbest Piyasa,FINDIK SERBEST PIYASA,Yağlı,,45.5,46.5,46.0,,,,,https://www.tb.org.tr/tr/findik-fiyatlari
tb_org,2022-09-05 17:40:35,Serbest Piyasa,FINDIK SERBEST PIYASA,Yağlı,,44.5,48.0,46.25,,,,,https://www.tb.org.tr/tr/findik-fiyatlari
tb_org,2022-09-06 14:05:29,Serbest Piyasa,FINDIK SERBEST PIYASA,Yağlı,,44.0,48.0,46.0,,,,,https://www.tb.org.tr/tr/findik-fiyatlari
tb_org,2022-09-21 11:11:28,Serbest Piyasa,FINDIK SERBEST PIYASA,Yağlı,,44.0,48.0,46.0,,,,,https://www.tb.org.tr/tr/findik-fiyatlari
tb_org,2022-11-23 12:01:05,Serbest Piyasa,FINDIK SERBEST PIYASA,Yağlı,,48.0,49.0,48.5,,,,,https://www.tb.org.tr/tr/findik-fiyatlari
tb_org,2022-12-05 09:15:18,Serbest Piyasa,FINDIK SERBEST PIYASA,Yağlı,,49.5,50.0,49.75,,,,,https://www.tb.org.tr/tr/findik-fiyatlari
tb_org,2022-12-06 12:05:55,Serbest Piyasa,FINDIK SERBEST PIYASA,Yağlı,,51.0,51.5,51.25,,,,,https://www.tb.org.tr/tr/findik-fiyatlari
tb_org,2022-12-09 10:33:05,Serbest Piyasa,FINDIK SERBEST PIYASA,Yağlı,,51.5,52.0,51.75,,,,,https://www.tb.org.tr/tr/findik-fiyatlari
tb_org,2022-12-14 11:56:58,Serbest Piyasa,FINDIK SERBEST PIYASA,Yağlı,,52.0,52.5,52.25,,,,,https://www.tb.org.tr/tr/findik-fiyatlari
tb_org,2022-12-15 11:32:43,Serbest Piyasa,FINDIK SERBEST PIYASA,Yağlı,,52.5,53.0,52.75,,,,,https://www.tb.org.tr/tr/findik-fiyatlari
tb_org,2022-12-19 15:04:47,Serbest Piyasa,FINDIK SERBEST PIYASA,Yağlı,,54.5,55.0,54.75,,,,,https://www.tb.org.tr/tr/findik-fiyatlari
tb_org,2022-12-26 11:06:47,Serbest Piyasa,FINDIK SERBEST PIYASA,Yağlı,,56.0,56.5,56.25,,,,,https://www.tb.org.tr/tr/findik-fiyatlari
tb_org,2022-12-28 13:13:59,Serbest Piyasa,FINDIK SERBEST PIYASA,Yağlı,,56.5,57.0,56.75,,,,,https://www.tb.org.tr/tr/findik-fiyatlari
tb_org,2022-12-30 14:08:31,Serbest Piyasa,FINDIK SERBEST PIYASA,Yağlı,,57.0,57.5,57.25,,,,,https://www.tb.org.tr/tr/findik-fiyatlari
tb_org,2023-01-20 16:19:37,Serbest Piyasa,FINDIK SERBEST PIYASA,Yağlı,,58.5,59.0,58.75,,,,,https://www.tb.org.tr/tr/findik-fiyatlari
tb_org,2023-01-26 15:46:35,Serbest Piyasa,FINDIK SERBEST PIYASA,Yağlı,,60.5,61.0,60.75,,,,,https://www.tb.org.tr/tr/findik-fiyatlari
tb_org,2023-01-31 14:27:39,Serbest Piyasa,FINDIK SERBEST PIYASA,Yağlı,,59.5,61.0,60.25,,,,,https://www.tb.org.tr/tr/findik-fiyatlari
tb_org,2023-02-01 11:06:56,Serbest Piyasa,FINDIK SERBEST PIYASA,Yağlı,,56.0,56.0,56.0,,,,,https://www.tb.org.tr/tr/findik-fiyatlari
tb_org,2023-02-03 11:48:49,Serbest Piyasa,FINDIK SERBEST PIYASA,Yağlı,,56.5,57.5,57.0,,,,,https://www.tb.org.tr/tr/findik-fiyatlari
tb_org,2023-02-06 11:08:54,Serbest Piyasa,FINDIK SERBEST PIYASA,Yağlı,,57.0,58.0,57.5,,,,,https://www.tb.org.tr/tr/findik-fiyatlari
tb_org,2023-02-08 11:45:24,Serbest Piyasa,FINDIK SERBEST PIYASA,Yağlı,,58.0,58.5,58.25,,,,,https://www.tb.org.tr/tr/findik-fiyatlari
tb_org,2023-02-13 13:50:48,Serbest Piyasa,FINDIK SERBEST PIYASA,Yağlı,,56.0,57.5,56.75,,,,,https://www.tb.org.tr/tr/findik-fiyatlari
tb_org,2023-02-14 10:33:50,Serbest Piyasa,FINDIK SERBEST PIYASA,Yağlı,,56.0,57.5,56.75,,,,,https://www.tb.org.tr/tr/findik-fiyatlari
tb_org,2023-03-03 16:43:11,Serbest Piyasa,FINDIK SERBEST PIYASA,Yağlı,,56.0,57.0,56.5,,,,,https://www.tb.org.tr/tr/findik-fiyatlari
tb_org,2023-03-13 14:59:03,Serbest Piyasa,FINDIK SERBEST PIYASA,Yağlı,,55.0,56.5,55.75,,,,,https://www.tb.org.tr/tr/findik-fiyatlari
tb_org,2023-03-28 14:00:58,Serbest Piyasa,FINDIK SERBEST PIYASA,Yağlı,,57.0,58.0,57.5,,,,,https://www.tb.org.tr/tr/findik-fiyatlari
tb_org,2023-03-30 10:11:57,Serbest Piyasa,FINDIK SERBEST PIYASA,Yağlı,,57.0,58.0,57.5,,,,,https://www.tb.org.tr/tr/findik-fiyatlari
tb_org,2023-04-18 11:33:39,Serbest Piyasa,FINDIK SERBEST PIYASA,Yağlı,,56.5,57.0,56.75,,,,,https://www.tb.org.tr/tr/findik-fiyatlari
tb_org,2023-05-23 13:28:40,Serbest Piyasa,FINDIK SERBEST PIYASA,Yağlı,,56.0,56.0,56.0,,,,,https://www.tb.org.tr/tr/findik-fiyatlari
tb_org,2023-05-24 16:38:02,Serbest Piyasa,FINDIK SERBEST PIYASA,Yağlı,,55.5,56.0,55.75,,,,,https://www.tb.org.tr/tr/findik-fiyatlari
tb_org,2023-06-09 10:56:28,Serbest Piyasa,FINDIK SERBEST PIYASA,Yağlı,,57.0,57.0,57.0,,,,,https://www.tb.org.tr/tr/findik-fiyatlari
tb_org,2023-06-15 13:53:51,Serbest Piyasa,FINDIK SERBEST PIYASA,Yağlı,,59.0,59.0,59.0,,,,,https://www.tb.org.tr/tr/findik-fiyatlari
tb_org,2023-06-20 10:26:47,Serbest Piyasa,FINDIK SERBEST PIYASA,Yağlı,,59.0,60.0,59.5,,,,,https://www.tb.org.tr/tr/findik-fiyatlari
tb_org,2023-08-23 09:00:53,Serbest Piyasa,FINDIK SERBEST PIYASA,Yağlı,,0.0,0.0,0.0,,,,,https://www.tb.org.tr/tr/findik-fiyatlari
tb_org,2023-08-23 11:45:34,Serbest Piyasa,FINDIK SERBEST PIYASA,Yağlı,,0.0,0.0,0.0,,,,,https://www.tb.org.tr/tr/findik-fiyatlari
tb_org,2023-09-06 16:51:12,Serbest Piyasa,FINDIK SERBEST PIYASA,Yağlı,,80.0,81.0,80.5,,,,,https://www.tb.org.tr/tr/findik-fiyatlari
tb_org,2023-09-08 13:56:57,Serbest Piyasa,FINDIK SERBEST PIYASA,Yağlı,,81.0,83.0,82.0,,,,,https://www.tb.org.tr/tr/findik-fiyatlari
tb_org,2023-09-11 11:34:16,Serbest Piyasa,FINDIK SERBEST PIYASA,Yağlı,,83.0,86.0,84.5,,,,,https://www.tb.org.tr/tr/findik-fiyatlari
tb_org,2023-09-14 13:11:00,Serbest Piyasa,FINDIK SERBEST PIYASA,Yağlı,,88.5,95.5,92.0,,,,,https://www.tb.org.tr/tr/findik-fiyatlari
tb_org,2023-09-15 11:19:33,Serbest Piyasa,FINDIK SERBEST PIYASA,Yağlı,,95.0,98.5,96.75,,,,,https://www.tb.org.tr/tr/findik-fiyatlari
tb_org,2023-09-21 11:10:38,Serbest Piyasa,FINDIK SERBEST PIYASA,Yağlı,,100.0,104.5,102.25,,,,,https://www.tb.org.tr/tr/findik-fiyatlari
tb_org,2023-10-03 11:24:41,Serbest Piyasa,FINDIK SERBEST PIYASA,Yağlı,,100.0,103.5,101.75,,,,,https://www.tb.org.tr/tr/findik-fiyatlari
tb_org,2023-10-05 14:52:05,Serbest Piyasa,FINDIK SERBEST PIYASA,Yağlı,,97.5,98.0,97.75,,,,,https://www.tb.org.tr/tr/findik-fiyatlari
tb_org,2023-10-11 10:54:14,Serbest Piyasa,FINDIK SERBEST PIYASA,Yağlı,,89.0,94.5,91.75,,,,,https://www.tb.org.tr/tr/findik-fiyatlari
tb_org,2023-10-18 10:13:16,Serbest Piyasa,FINDIK SERBEST PIYASA,Yağlı,,91.0,95.5,93.25,,,,,https://www.tb.org.tr/tr/findik-fiyatlari
tb_org,2023-10-24 11:05:26,Serbest Piyasa,FINDIK SERBEST PIYASA,Yağlı,,91.0,96.0,93.5,,,,,https://www.tb.org.tr/tr/findik-fiyatlari
tb_org,2024-01-03 11:54:57,Serbest Piyasa,FINDIK SERBEST PIYASA,Yağlı,,98.5,98.5,98.5,,,,,https://www.tb.org.tr/tr/findik-fiyatlari
tb_org,2024-01-05 11:41:00,Serbest Piyasa,FINDIK SERBEST PIYASA,Yağlı,,104.0,104.0,104.0,,,,,https://www.tb.org.tr/tr/findik-fiyatlari
tb_org,2024-01-08 16:09:53,Serbest Piyasa,FINDIK SERBEST PIYASA,Yağlı,,107.5,107.5,107.5,,,,,https://www.tb.org.tr/tr/findik-fiyatlari
tb_org,2024-01-09 14:38:11,Serbest Piyasa,FINDIK SERBEST PIYASA,Yağlı,,108.0,108.0,108.0,,,,,https://www.tb.org.tr/tr/findik-fiyatlari
tb_org,2024-01-19 14:24:56,Serbest Piyasa,FINDIK SERBEST PIYASA,Yağlı,,113.5,113.5,113.5,,,,,https://www.tb.org.tr/tr/findik-fiyatlari
tb_org,2024-01-30 09:35:27,Serbest Piyasa,FINDIK SERBEST PIYASA,Yağlı,,113.5,113.5,113.5,,,,,https://www.tb.org.tr/tr/findik-fiyatlari
tb_org,2024-02-14 09:55:49,Serbest Piyasa,FINDIK SERBEST PIYASA,Yağlı,,115.0,115.0,115.0,,,,,https://www.tb.org.tr/tr/findik-fiyatlari
tb_org,2024-02-20 14:54:38,Serbest Piyasa,FINDIK SERBEST PIYASA,Yağlı,,117.0,117.0,117.0,,,,,https://www.tb.org.tr/tr/findik-fiyatlari
tb_org,2024-02-22 10:11:02,Serbest Piyasa,FINDIK SERBEST PIYASA,Yağlı,,118.0,121.5,119.75,,,,,https://www.tb.org.tr/tr/findik-fiyatlari
tb_org,2024-03-18 13:01:32,Serbest Piyasa,FINDIK SERBEST PIYASA,Yağlı,,128.5,128.5,128.5,,,,,https://www.tb.org.tr/tr/findik-fiyatlari
tb_org,2024-03-21 13:07:47,Serbest Piyasa,FINDIK SERBEST PIYASA,Yağlı,,125.5,125.5,125.5,,,,,https://www.tb.org.tr/tr/findik-fiyatlari
tb_org,2024-03-22 15:44:00,Serbest Piyasa,FINDIK SERBEST PIYASA,Yağlı,,124.5,124.5,124.5,,,,,https://www.tb.org.tr/tr/findik-fiyatlari
